bids_name	aor	aqi	dummy_trs	dvars_nstd	dvars_std	dvars_vstd	efc	fber	fd_mean	fd_num	fd_perc	fwhm_avg	fwhm_x	fwhm_y	fwhm_z	gcor	gsr_x	gsr_y	size_t	size_x	size_y	size_z	snr	spacing_tr	spacing_x	spacing_y	spacing_z	summary_bg_k	summary_bg_mad	summary_bg_mean	summary_bg_median	summary_bg_n	summary_bg_p05	summary_bg_p95	summary_bg_stdv	summary_fg_k	summary_fg_mad	summary_fg_mean	summary_fg_median	summary_fg_n	summary_fg_p05	summary_fg_p95	summary_fg_stdv	tsnr
sub-01_task-anim_run-001_bold	0.001183366	0.005880624	0	24.46936682	1.138156938	1.016317898	0.418451745	196935.6719	0.095994304	5	4.95049505	2.559563333	2.450176667	2.876666667	2.351846667	0.0100887	-0.012376662	0.010461584	101	80	80	37	5.108273074	2.000000477	3	3	3	148.5767646	7368.462891	51085.69922	5799.222656	155588	241.8406906	234913.9102	172762.0625	2.985181744	472648.4063	2874836.25	2896283	40409	1924119.925	3680386.3	566971.875	63.69245148
sub-01_task-anim_run-002_bold	0.00092505	0.00689699	0	24.47758707	1.115364832	1.001126842	0.418882625	183346.5938	0.094160507	3	2.97029703	2.553694444	2.444386667	2.867676667	2.34902	0.0133904	-0.012295957	0.010258378	101	80	80	37	5.137980449	2.000000477	3	3	3	143.718454	7695.372559	52114.61719	6020.13916	155553	190.8628784	238065.2625	176390.4844	2.859177208	476079.5313	2893980.25	2914248.5	40381	1944993.375	3706608	567190.25	60.56285477
sub-01_task-anim_run-003_bold	0.000992079	0.006774201	0	24.97774439	1.129233247	1.01046467	0.419396535	190515.4375	0.098120517	0	0	2.541695556	2.433483333	2.853246667	2.338356667	0.0134381	-0.013092234	0.011445188	101	80	80	37	5.168538145	2.000000477	3	3	3	143.2352032	7535.166992	53220.42969	5921.402344	155578	220.0501579	243267.4414	181063.3438	2.812048767	480283.8125	2914005.75	2932376.75	40333	1968294.4	3726389.55	567344.25	63.16582489
sub-01_task-anim_run-004_bold	0.002296337	0.006067471	0	25.03654304	1.156263221	1.019990039	0.418209182	189117.3125	0.092910088	1	0.99009901	2.53334	2.430556667	2.83048	2.338983333	0.0136198	-0.013066487	0.011291221	101	80	80	37	4.99062949	2.000000477	3	3	3	170.0170591	7959.784668	54628.67578	6102.14209	155727	180.3862503	247568.4562	188516.9531	2.726365734	512150.5	3022538.75	3027420.25	40203	2052626.425	3915356.85	606613.375	63.1708374
sub-02_task-anim_run-001_bold	0.003706436	0.009856132	0	25.13219982	1.126926146	0.990749091	0.469640785	121217.1484	0.070125256	1	0.99009901	2.393163333	2.233023333	2.64625	2.300216667	0.00654735	0.003545366	0.004822325	101	80	80	37	4.905297129	2.000000477	3	3	3	64.38842776	5953.168945	46269.61719	4633.162109	147080	208.9352882	277138.4297	139046.2188	3.182699189	291825.2188	1786812.125	1785698.25	49101	1236096.875	2317617.25	364030.9688	52.84568024
sub-02_task-anim_run-002_bold	0.001706238	0.007612465	0	24.19966917	1.129124811	1.006751261	0.469569877	135700.6563	0.060192036	2	1.98019802	2.386434444	2.22364	2.636743333	2.29892	0.0072837	0.003587015	0.004487964	101	80	80	37	4.907152946	2.000000477	3	3	3	61.04425126	8891.640625	73580.28125	6825.769043	147105	233.7539978	443434.6687	222141.0469	3.114973539	466174.625	2844569	2843677.5	49053	1968338.425	3695716.6	579490.5	59.15236664
sub-02_task-anim_run-003_bold	0.000979307	0.008460052	0	27.03641844	1.183199215	0.994340714	0.470352175	115363.1719	0.083698007	2	1.98019802	2.396412222	2.24152	2.63238	2.315336667	0.0162629	0.004058772	0.003602626	101	80	80	37	4.87150567	2.000000477	3	3	3	58.9827438	5871.044922	45915.23438	4563.242188	147070	156.3188782	273145.2422	138765.375	3.102108595	285523.1563	1731704.875	1729627.75	49066	1191953.625	2249588.313	355046.3125	56.88529968
sub-02_task-anim_run-004_bold	0.001198614	0.008699854	0	25.3092882	1.12441584	0.99213064	0.470170101	119133.125	0.072436775	1	0.99009901	2.398537778	2.236876667	2.645066667	2.31367	0.012483	0.0042792	0.00379823	101	80	80	37	4.863677023	2.000000477	3	3	3	58.35436489	9446.105469	74961.05469	7388.231934	147090	280.4037186	448049.7344	225372.6563	3.127540395	470235.8438	2844757	2844373.25	49103	1947572.45	3701195.7	584813.5625	55.95825195
sub-03_task-anim_run-001_bold	0.00098604	0.00835385	0	25.61713915	1.125183418	1.000145494	0.441274409	126339.6797	0.135260356	17	16.83168317	2.544964444	2.32912	2.862796667	2.442976667	0.020579	-0.014390843	0.018149164	101	80	80	37	5.346224235	2.000000477	3	3	3	115.8302179	11453.25977	74918.35938	8925.466797	152670	338.4953964	404913.6875	234908.1094	3.373284489	526839	3524088.75	3541549	43553	2458470.35	4470710.2	662431.6875	56.95513153
sub-03_task-anim_run-002_bold	0.001030099	0.006371838	0	26.67975502	1.213143785	1.012490003	0.439659014	136177.9375	0.082905022	1	0.99009901	2.561068889	2.34555	2.880296667	2.45736	0.0194523	-0.014160147	0.018571369	101	80	80	37	5.129169454	2.000000477	3	3	3	130.6120487	10814.56055	72310.57031	8423.970703	152688	333.0037979	389715.3531	231431.1406	3.49252065	535725.75	3491940.25	3497619.5	43577	2444421.4	4482031.3	681899.75	63.38960648
sub-03_task-anim_run-003_bold	0.001247129	0.007387581	0	25.49968021	1.131886371	1.015051996	0.441421739	128811.2734	0.154524258	28	27.72277228	2.523593333	2.31219	2.844106667	2.414483333	0.0195851	-0.014459278	0.018101178	101	80	80	37	5.329612859	2.000000477	3	3	3	107.7115781	10599.70801	72110.44531	8356.736328	152694	427.4613266	394212.0844	223321.125	3.445187003	501420.9063	3366490	3380777.25	43423	2341029.875	4273047.75	634330.9375	58.47811127
sub-03_task-anim_run-004_bold	0.000953861	0.007002313	0	26.77929356	1.179563587	1.010508232	0.441146662	135315.6719	0.095727255	5	4.95049505	2.542378889	2.32993	2.85286	2.444346667	0.0286642	-0.014366398	0.018369356	101	80	80	37	5.361373959	2.000000477	3	3	3	120.3920816	10497.64063	71980.95313	8209.571289	152622	320.7738266	389145.4641	230151.0156	3.326116385	505413.1875	3389147.25	3403238.5	43601	2364723.5	4298937	634762.5625	61.46202087
sub-04_task-anim_run-001_bold	0.002648614	0.009060211	0	28.30639654	1.192706326	1.008266524	0.413687535	220559.4063	0.163523909	25	24.75247525	2.442116667	2.276103333	2.781563333	2.268683333	0.0232664	-0.018295158	0.021817779	101	80	80	37	4.747171604	2.000000477	3	3	3	281.4833559	8201.717773	53649.06641	6188.608887	156059	236.8862061	245384.3281	196667.4219	2.357083246	578164.625	3219417	3192509.75	40094	2215429.95	4267977.525	672499.375	56.61239243
sub-04_task-anim_run-002_bold	0.003931485	0.013123449	0	33.09710127	1.167737636	1.010066623	0.412542426	271468.3438	0.205039861	26	25.74257426	2.477335556	2.302246667	2.823236667	2.306523333	0.0210343	-0.017995058	0.022641031	101	80	80	37	4.670806676	2.000000477	3	3	3	275.7548654	7319.377441	53007.59766	5567.064941	156148	227.3534721	243769.8766	195606.0938	2.45192576	578226.375	3218961	3197495.5	40061	2179218.25	4270217	684561.75	47.41479111
sub-04_task-anim_run-003_bold	0.001740396	0.010246217	0	31.42334921	1.191969392	0.997203391	0.414235622	255057.5313	0.166266111	24	23.76237624	2.468302222	2.28575	2.82401	2.295146667	0.0160358	-0.018115405	0.021749038	101	80	80	37	4.871913075	2.000000477	3	3	3	243.6589998	7401.107422	52083.32031	5620.731445	155968	211.6257904	242942.3992	186773.4063	2.313194122	553770.5	3142605	3131402	40205	2151149.6	4115878.35	642737.875	54.20417786
sub-04_task-anim_run-004_bold	0.003043663	0.0118589	0	33.45432001	1.171766367	1.003029772	0.414224432	247325.5156	0.20056242	30	29.7029703	2.466478889	2.286633333	2.82234	2.290463333	0.02268	-0.017663967	0.0213989	101	80	80	37	4.871641641	2.000000477	3	3	3	249.7566711	7481.555664	51141.43359	5685.078125	155914	205.7509178	240023.1805	181835.7344	2.418776552	546715.3125	3124498.25	3115077.5	40246	2124146.188	4081186.188	639422.8125	49.52675629
sub-05_task-anim_run-001_bold	0.000884851	0.006340495	0	22.90818071	1.09215927	1.000914475	0.434608618	149034.9688	0.107562386	7	6.930693069	2.455343333	2.315283333	2.75344	2.297306667	0.0147158	-0.000162274	0.01180319	101	80	80	37	5.215571751	2.000000477	3	3	3	98.05518404	8718.172852	52101.13672	6331.432617	153353	133.3112762	238096.775	157966.3906	3.557553802	427957.0313	2732909.75	2746961.25	43268	1900913.594	3478799.238	526678.5	61.86615372
sub-05_task-anim_run-002_bold	0.000955347	0.005931438	0	22.08527327	1.090420122	1.011570191	0.43484214	158789.4219	0.088425052	3	2.97029703	2.441981111	2.301543333	2.74119	2.28321	0.0146155	-0.000351739	0.012323196	101	80	80	37	5.241205647	2.000000477	3	3	3	98.12363188	7935.069336	49331.06641	5765.794922	153328	129.7066078	228011.7219	149292.8906	3.580796724	403393.8438	2589556.25	2600591.5	43251	1809306.313	3291418.75	496176.1875	64.14564514
sub-05_task-anim_run-003_bold	0.001908119	0.006057885	0	22.14502081	1.103884767	1.024205642	0.435224815	157866.6563	0.085023587	4	3.96039604	2.451695556	2.310673333	2.756666667	2.287746667	0.0249562	-0.00055564	0.012216877	101	80	80	37	5.226878501	2.000000477	3	3	3	98.62838354	7826.166992	49198.49609	5732.688477	153283	159.9272934	227048.575	148884.5625	3.544037524	398983.6563	2562859.75	2574952.25	43344	1779900.194	3260951.412	492631.0313	62.8446846
sub-05_task-anim_run-004_bold	0.001097129	0.006341163	0	22.71054478	1.09645527	1.011683926	0.43466039	163554.1875	0.108625599	11	10.89108911	2.447583333	2.307786667	2.744856667	2.290106667	0.0211326	-0.000456687	0.012303683	101	80	80	37	5.251557152	2.000000477	3	3	3	102.0746789	3010.146484	18700.84766	2184.946289	153311	49.02545929	86143.08203	56637.71875	3.507064603	154321.8438	988078.875	991716.25	43273	689993.3	1255882.45	188840.1406	61.92437363
sub-06_task-anim_run-001_bold	0.002910594	0.010527732	0	34.62033558	1.262679757	1.020973762	0.46641044	78999.92969	0.116402462	8	7.920792079	2.3653	2.251696667	2.641283333	2.20292	0.0151843	-0.012224204	0.021547429	101	80	80	37	5.621124766	2.000000477	3	3	3	103.9341658	11005.87695	67055.6875	8140.607422	146876	278.0329895	306286.875	199942.8906	2.602798309	428699.625	2561981	2568994	48143	1891420.075	3230480.325	457020.1563	50.2865448
sub-06_task-anim_run-002_bold	0.007570099	0.013659902	0	35.0436499	1.245058775	1.053013678	0.467168535	73202.46094	0.180902146	12	11.88118812	2.37696	2.26676	2.649903333	2.214216667	0.0255212	-0.012627271	0.022887919	101	80	80	37	5.625120761	2.000000477	3	3	3	115.7514026	11162.00684	67792.57813	8504.586914	147011	452.2510223	308910.5938	203095.4844	2.47316825	423193.0625	2543785	2548890.5	48158	1879068.706	3210068.125	453121.6563	44.3133049
sub-06_task-anim_run-003_bold	0.002319406	0.00901259	0	32.64017403	1.247700528	1.017506606	0.46609255	79833.375	0.105247719	5	4.95049505	2.366911111	2.25909	2.63652	2.205123333	0.0185215	-0.012304271	0.022243153	101	80	80	37	5.585289086	2.000000477	3	3	3	110.220199	11116.46289	67522.11719	8156.284668	146998	215.6114548	308611.9875	203218.9063	2.521109156	429755.625	2565514.5	2571730.5	48109	1889028.9	3243147.7	460442.375	53.14999008
sub-06_task-anim_run-004_bold	0.001734554	0.009699943	0	34.0051239	1.26130056	1.010692258	0.466361303	78126.49219	0.101613344	4	3.96039604	2.376466667	2.26038	2.65515	2.21387	0.0200815	-0.011858185	0.021695718	101	80	80	37	5.546010464	2.000000477	3	3	3	107.1000494	11045.13965	66832.17188	8182.388672	146876	277.4706421	305501.2969	199724.8438	2.615423834	428671.0938	2552639.75	2559449	48249	1871791.75	3226177.5	461488.9375	51.95531845
sub-07_task-anim_run-001_bold	0.001021782	0.007151323	0	29.92995316	1.280772139	0.995807576	0.41706229	83598.66406	0.077983399	1	0.99009901	2.46996	2.375873333	2.698193333	2.335813333	0.00541627	-0.010075697	0.011563625	101	80	80	37	4.887134615	2.000000477	3	3	3	272.539709	4668.983398	19750.91016	3670.447021	156583	190.0076706	89870.39844	56724.90625	2.422147557	204739.3125	1171115.25	1169403	40198	805528.4594	1540957.325	239278.9531	59.67340088
sub-07_task-anim_run-002_bold	0.000885248	0.006620667	0	30.14388771	1.288227335	0.995177088	0.416590665	85363.71875	0.084869382	0	0	2.467856667	2.37625	2.691646667	2.335673333	0.00657175	-0.009720786	0.010882238	101	80	80	37	4.917233815	2.000000477	3	3	3	282.4460833	4611.583984	19661.78711	3648.758301	156524	198.8052567	89599.75078	56427.89063	2.409871266	206824.4063	1182888.375	1180388.125	40215	816961.3438	1553513.187	240048.2656	61.33735657
sub-07_task-anim_run-003_bold	0.00095505	0.006451171	0	29.97329588	1.295105407	1.008831784	0.417042181	87363.85156	0.077493269	2	1.98019802	2.462537778	2.368736667	2.683946667	2.33493	0.0127596	-0.010155533	0.011760692	101	80	80	37	4.904787817	2.000000477	3	3	3	289.0074224	4559.32959	19768.2207	3564.237061	156477	156.904068	89860.95	59016.47266	2.52432128	204486.25	1170431.75	1167723.25	40236	806268.7813	1538197.156	238075.2813	63.8662529
sub-07_task-anim_run-004_bold	0.001250495	0.007633063	0	29.82040773	1.273196248	0.99026319	0.417264189	74507.28125	0.075152513	1	0.99009901	2.48606	2.3927	2.70909	2.35639	0.012477	-0.009730733	0.011287296	101	80	80	37	4.849578773	2.000000477	3	3	3	274.5653171	12994.05469	52526.1875	10333.78027	156513	543.0258301	238459.4594	151914.2656	2.491039813	543120.1875	3091687.5	3088169.5	40251	2112646.75	4077058.75	636783.375	58.1984787
sub-08_task-anim_run-001_bold	0.001636931	0.006424234	0	27.44474915	1.285657836	1.08594317	0.396310064	54701.63281	0.150468114	23	22.77227723	2.687456667	2.558636667	2.962923333	2.54081	0.01358	-0.006225168	0.006108581	101	80	80	37	4.894007746	2.000000477	3	3	3	118.4294107	16766.23242	56031.21875	15250.88965	159968	1489.924609	217852.6875	157808.75	2.575857206	662445	4049374.25	4077913.5	37102	2640006.863	5278238.2	833235	61.86859894
sub-08_task-anim_run-002_bold	0.010087228	0.016903631	0	33.36110325	1.148795342	1.020764657	0.39843191	56170.33203	0.383143614	73	72.27722772	2.697997778	2.560776667	2.971266667	2.56195	0.0100833	-0.006828099	0.00602948	101	80	80	37	4.994573154	2.000000477	3	3	3	121.7238571	17614.89648	59718.31641	16175.1582	159664	1614.77981	234406.8945	167952.625	2.387669549	685665.375	4245849	4265080.5	37312	2789229.55	5523804.825	853931.5	38.11493683
sub-08_task-anim_run-003_bold	0.00420099	0.008780946	0	30.38029533	1.229698142	1.031954943	0.395821331	56785.82422	0.256592815	51	50.4950495	2.678907778	2.534856667	2.972993333	2.528873333	0.0176585	-0.006292387	0.006112848	101	80	80	37	4.937679112	2.000000477	3	3	3	117.3746268	16290.10938	55509.80078	14784.00391	160227	1252.297681	216289.3984	160082.3125	2.63120502	643074.25	3972132.75	3998694.5	36853	2616849.35	5166155.3	809821.8125	52.11779022
sub-08_task-anim_run-004_bold	0.00260396	0.009968007	0	28.15071489	1.220780767	0.978948931	0.39619383	53492.18359	0.171890933	19	18.81188119	2.694753333	2.553183333	2.98983	2.541246667	0.012868	-0.006071639	0.005990289	101	80	80	37	4.913560298	2.000000477	3	3	3	121.5706832	17859.04688	58152.98438	16206.89746	160085	1504.109985	224568.9375	163457.3438	2.65660032	669967.5625	4152287.25	4182765.5	37047	2724136.5	5411320.45	851258.3125	51.87302399
sub-09_task-anim_run-001_bold	0.00763297	0.020645909	0	31.12151331	1.078325152	0.990375614	0.473397446	76828.00781	0.197253158	24	23.76237624	2.484905556	2.350223333	2.7907	2.313793333	0.00695284	0.000331203	0.024518598	101	80	80	37	4.965005146	2.000000477	3	3	3	70.685619	8450.456055	63049.69531	6557.771484	145917	420.8261292	329214.2312	178964.75	2.271925751	365055.2188	2038443.75	2038958.375	48947	1405974.95	2660598.025	410661.7188	37.97794724
sub-09_task-anim_run-002_bold	0.026521485	0.030626752	0	44.50750382	1.183465678	1.146268846	0.473163437	68667.875	0.599128561	34	33.66336634	2.486197778	2.344813333	2.776023333	2.337756667	0.0467619	0.00092134	0.022796376	101	80	80	37	5.029049898	2.000000477	3	3	3	67.49288744	14120.82813	100144.7969	11127.38379	146103	784.5523926	525855.4687	280245.6563	2.183139354	578827.9375	3275757.75	3272507	48829	2273794.45	4272128.4	650714.0625	26.50232506
sub-09_task-anim_run-003_bold	0.01414505	0.015448152	0	28.81911963	1.141819096	1.958154092	0.471812011	79190.03125	0.119849358	16	15.84158416	2.468627778	2.335016667	2.74727	2.323596667	0.00491575	0.000594637	0.023439772	101	80	80	37	4.998378593	2.000000477	3	3	3	68.50145227	5342.554688	39298.74609	4100.186523	146268	198.9593468	208090.5016	111412	2.20881819	231013.4375	1291271.625	1289474.5	48650	898254.6156	1685446.019	257975.9063	42.94880295
sub-09_task-anim_run-004_bold	0.006522574	0.009167037	0	27.98185467	1.191833335	1.05857667	0.472312947	84260.34375	0.102054139	8	7.920792079	2.446367778	2.31917	2.729583333	2.29035	0.0215805	0.001266853	0.023795942	101	80	80	37	4.977264655	2.000000477	3	3	3	66.7268287	8235.863281	62656.84766	6257.477051	146080	285.5847092	328170.6844	179483.0156	2.258636677	363744.0313	2037318.75	2036752.875	48795	1410988.125	2658599.45	409207.0938	51.37559128
sub-10_task-anim_run-001_bold	0.003854653	0.008254831	0	25.65017462	1.210664653	1.030711207	0.41683116	168282.6563	0.090791481	9	8.910891089	2.365722222	2.258566667	2.5596	2.279	0.00825258	-0.012225745	0.012925124	101	80	80	37	5.339153821	2.000000477	3	3	3	241.9403667	8961.756836	50097.87891	7006.691406	155900	271.2730316	209480.3984	195422.2188	2.551251352	525413.5	3192499.5	3188247.75	40751	2311367.25	4105821.25	597137.4375	60.94451904
sub-10_task-anim_run-002_bold	0.001468218	0.011288215	0	26.12030478	1.153020746	1.025829899	0.416902352	149834.1875	0.097817651	8	7.920792079	2.386453333	2.27826	2.579063333	2.302036667	0.0094693	-0.012034478	0.01286254	101	80	80	37	5.320462734	2.000000477	3	3	3	244.6941773	9770.898438	51840.88672	7713.634766	156104	358.9919083	216422.8117	199811.9375	2.533864647	538715.75	3283783	3276722.75	40663	2368746.55	4223770.05	615864.1875	54.52843857
sub-10_task-anim_run-003_bold	0.005753465	0.009055256	0	27.32079435	1.193346785	1.023894225	0.417164091	165800.9688	0.116616161	9	8.910891089	2.392242222	2.282583333	2.58951	2.304633333	0.00748175	-0.012316358	0.013258904	101	80	80	37	5.241745261	2.000000477	3	3	3	245.7455678	8838.675781	49535.23438	6974.914063	155763	320.0270569	206228.5406	193417.9063	2.629136337	519369.2813	3142006.75	3138809.5	40923	2250962.85	4050307.325	598802.6875	57.69551086
sub-10_task-anim_run-004_bold	0.003284455	0.009138375	0	27.29673168	1.214962347	1.013786586	0.416617058	167751.0156	0.117346133	11	10.89108911	2.37327	2.26432	2.56457	2.29092	0.00986819	-0.011995473	0.013232022	101	80	80	37	5.34941849	2.000000477	3	3	3	254.9159162	8947.066406	49999.95313	7063.401367	155968	362.2939209	208262.4914	195318.5781	2.443509782	526992.625	3197567	3189561.75	40704	2314016.1	4112911.7	596237.25	57.65427017
sub-11_task-anim_run-001_bold	0.009793762	0.021737273	0	29.29462387	0.955018751	0.95177155	0.419457875	112259.6484	0.2345284	21	20.79207921	2.628806667	2.490823333	2.838576667	2.55702	0.0219041	-0.008057194	0.007689177	101	80	80	37	5.182960704	2.000000477	3	3	3	139.034042	10838.23047	58624.92188	8614.706055	156979	560.8135376	235839.0047	195784.2031	2.565449233	508901.75	3146534.5	3129963.5	39832	2212538.988	4073628.425	603887.3125	34.26854324
sub-11_task-anim_run-002_bold	0.0056703	0.012854829	1	27.11007392	1.030774707	0.977495942	0.416980395	146935.5313	0.190793039	25	25	2.622303333	2.488323333	2.835636667	2.54295	0.017332	-0.008540512	0.007767752	100	80	80	37	4.917598893	2.000000477	3	3	3	153.9916061	10529.4082	63262.42578	8019.92041	157212	361.7365768	253663.318	218271.0469	2.675185238	576056.1875	3419762.25	3386716.5	39683	2404851.45	4505618.05	688684.4375	43.75669098
sub-11_task-anim_run-003_bold	0.022072673	0.014814777	0	26.1830566	1.176996634	1.087155985	0.417150509	121263.1641	0.168903431	22	21.78217822	2.609304444	2.47549	2.81366	2.538763333	0.00864583	-0.00870728	0.008124271	101	80	80	37	4.92655275	2.000000477	3	3	3	170.8279338	12025.49512	65317.66016	9084.869141	157286	294.1278992	258875.1914	227574.9219	2.684189934	592080.5625	3515959.5	3483790.75	39641	2484291.5	4633837.5	707136.8125	47.55672073
sub-11_task-anim_run-004_bold	0.0116965	0.015492777	1	26.99799399	1.037288618	1.058153698	0.417093791	138477.3281	0.18075856	20	20	2.591887778	2.452023333	2.801436667	2.522203333	0.0102078	-0.008502467	0.008297364	100	80	80	37	5.123009466	2.000000477	3	3	3	162.7944108	10799.27344	63225.03906	8281.780273	157517	442.8101868	252431.7875	217737.5625	2.471365084	558114.125	3400603.25	3370040	39439	2423315.625	4431872.2	657815.9375	41.07096863
sub-12_task-anim_run-001_bold	0.00096802	0.006045293	0	31.14180151	1.273740078	1.009014544	0.419146108	149846.9063	0.117748328	0	0	2.351988889	2.235903333	2.597143333	2.22292	0.0136254	-0.01099762	0.007690043	101	80	80	37	4.647149336	2.000000477	3	3	3	97.41943293	8191.665039	55142.17578	6048.01416	157585	173.8164001	252379.6312	166911.0156	2.199399106	488999.8438	2648804.5	2644865	39500	1751589.363	3510512.625	569129.875	58.75592804
sub-12_task-anim_run-002_bold	0.000977129	0.006907838	0	31.05622431	1.25340861	0.998106795	0.419281153	138341.4219	0.128222862	6	5.940594059	2.342145556	2.226116667	2.588316667	2.212003333	0.00891305	-0.010168307	0.006839642	101	80	80	37	4.708431456	2.000000477	3	3	3	92.43989744	8423.99707	54498.51563	6285.199219	157659	238.6456421	247999.0563	164866.125	2.15389512	485751.6563	2644186.75	2639584	39397	1766335.375	3493623.15	560600.8125	54.95767593
sub-12_task-anim_run-003_bold	0.001234752	0.006249131	0	30.76462721	1.26376331	1.006755023	0.418925235	140920.5938	0.115150416	1	0.99009901	2.360174444	2.24202	2.60341	2.235093333	0.00903609	-0.010680131	0.007127773	101	80	80	37	4.611502593	2.000000477	3	3	3	96.66193038	8452.037109	55308.58984	6293.226074	157550	216.9341141	251280.9789	168163.5156	2.113359602	498817.4375	2667222.75	2660599.75	39499	1761809.75	3542545.85	576941.25	56.51656723
sub-12_task-anim_run-004_bold	0.00128802	0.007155734	0	30.91897844	1.259604462	0.99926285	0.419446118	142625.8281	0.120642025	3	2.97029703	2.344951111	2.22852	2.593753333	2.21258	0.0124509	-0.010413222	0.007071406	101	80	80	37	4.70065863	2.000000477	3	3	3	91.38628831	8271.966797	54264.26172	6192.592773	157622	242.0749786	246462.1648	164557.5781	2.21111436	475694.0313	2601978.75	2597520.25	39418	1732631.013	3438243.75	552579.4375	53.78010941
sub-13_task-anim_run-001_bold	0.003519109	0.009935448	0	28.95541433	1.239551142	1.012617553	0.434178224	121619.6094	0.094890332	12	11.88118812	2.569303333	2.535463333	2.732256667	2.44019	0.021554	-0.006969998	0.007342789	101	80	80	37	5.356142785	2.000000477	3	3	3	148.477288	9116.910156	52374.01172	6864.497559	153192	262.4759811	233930.3937	167059.4219	2.604766486	434775.5	2677964.25	2676835.75	42598	1894336.113	3427196.675	499763.4375	52.66818619
sub-13_task-anim_run-002_bold	0.002766832	0.013830671	0	28.92780386	1.14676492	0.971366918	0.435035079	123205.3906	0.122854473	16	15.84158416	2.601394444	2.557663333	2.770576667	2.475943333	0.0166146	-0.006793682	0.007543218	101	80	80	37	5.354092745	2.000000477	3	3	3	148.2513207	8625.145508	50264.72266	6574.300781	152873	333.3275879	227145.7594	160467.9531	2.755032069	417555.4688	2583745.25	2585336	42852	1819574.081	3298284.662	482865.3438	46.31219864
sub-13_task-anim_run-003_bold	0.001396733	0.009401544	0	27.44502277	1.213976212	0.982210329	0.434623213	123517.3594	0.066558257	4	3.96039604	2.573033333	2.529503333	2.74914	2.440456667	0.0139599	-0.00689164	0.007679811	101	80	80	37	5.354671654	2.000000477	3	3	3	145.6857828	8982.610352	52269.97656	6775.897461	153072	272.4450729	233571.425	166567.4531	2.734515973	433078.125	2679183.5	2680722.75	42708	1888267.213	3424389.7	500626.6563	55.78368378
sub-13_task-anim_run-004_bold	0.002120297	0.007943776	0	26.33387327	1.242524757	1.020118345	0.434602537	124239.4453	0.067683947	4	3.96039604	2.565654444	2.527443333	2.73377	2.43575	0.017784	-0.006967449	0.007370954	101	80	80	37	5.353534449	2.000000477	3	3	3	152.1909076	8694.173828	50228.96875	6568.572266	153010	260.18936	224017.4625	160661.3594	2.772407134	418458.9375	2586007.25	2586528	42777	1826555	3303612.3	483138.3438	59.69258499
sub-14_task-anim_run-001_bold	0.00098495	0.00615222	0	24.58399101	1.118605396	1.005542272	0.436307327	123533.1016	0.081422171	3	2.97029703	2.603967778	2.496966667	2.846523333	2.468413333	0.0227374	-0.00668757	0.01165007	101	80	80	37	4.773842631	2.000000477	3	3	3	83.37831493	9823.071289	60503.50391	7621.417969	152820	286.2349518	322232.3984	168995.1719	3.057128607	481129.25	3006916.25	3012635.5	43068	1971102.269	3910775.538	631064.0625	60.35508728
sub-14_task-anim_run-002_bold	0.001189109	0.006870926	0	24.48001577	1.114901179	1.010299338	0.436031196	121842.0938	0.095197263	10	9.900990099	2.621516667	2.51606	2.864916667	2.483573333	0.0273627	-0.006858769	0.011933669	101	80	80	37	4.713403892	2.000000477	3	3	3	92.41773479	6225.559082	38378.75391	4867.393066	152789	228.4488037	203906.6375	108065.6719	3.134636416	305580.25	1899141.75	1902007.625	43149	1239146.6	2478292.55	403526.9688	59.31866455
sub-14_task-anim_run-003_bold	0.001081485	0.005140889	0	24.53838581	1.143963966	1.011333688	0.435929638	127538.5938	0.066020193	2	1.98019802	2.603195556	2.498216667	2.84596	2.46541	0.0111495	-0.007052131	0.011484979	101	80	80	37	4.725973206	2.000000477	3	3	3	83.09857981	9990.957031	61408.26172	7663.074219	152867	238.4477325	328617.4844	170409.7188	3.032356303	497297.5938	3058177.25	3056464.75	43040	2007923.688	3994120.625	646730.125	64.847229
sub-14_task-anim_run-004_bold	0.006158515	0.010977327	0	25.10204538	1.10642643	1.047484105	0.436467954	118408.9453	0.116490099	12	11.88118812	2.622933333	2.514743333	2.864733333	2.489323333	0.016351	-0.007035653	0.011128437	101	80	80	37	4.819326509	2.000000477	3	3	3	86.23116489	9880.637695	60691.40625	7813.75	152953	435.7198853	324769.475	168830.8438	3.102809122	472169.9063	2991291.75	2997304.75	42979	1970366.35	3880443.625	621927.125	49.50564194
sub-15_task-anim_run-001_bold	0.001370198	0.009383525	0	27.35001675	1.161968918	1.011074873	0.42002895	66718.57031	0.13210514	19	18.81188119	2.506875556	2.338896667	2.83953	2.3422	0.0133798	-0.008721324	0.015453016	101	80	80	37	5.364669236	2.000000477	3	3	3	171.320474	8209.795898	36009.07422	7083.833008	155900	514.743338	175681.1531	112413.7578	3.911295673	292101	2004758.125	2000074	40729	1445053.4	2541643.45	372818.7813	56.14070892
sub-15_task-anim_run-002_bold	0.001414455	0.018493731	0	27.69085854	1.06393946	0.941741801	0.421631737	64711.1875	0.134517856	15	14.85148515	2.52419	2.352566667	2.86183	2.358173333	0.0128078	-0.009092946	0.014396634	101	80	80	37	5.36334273	2.000000477	3	3	3	160.9909577	13452.88086	60140.98047	11874.57129	155645	1099.946216	292534.575	184105.3438	3.834545967	480576.0625	3297955.5	3290719.5	40896	2374870.063	4188877.625	613550.0625	45.14731598
sub-15_task-anim_run-003_bold	0.003398812	0.01180507	0	28.57898676	1.181030624	1.030017713	0.421778255	67627.58594	0.126446034	13	12.87128713	2.497512222	2.338806667	2.82249	2.33124	0.0131492	-0.008566355	0.013175383	101	80	80	37	5.343540837	2.000000477	3	3	3	142.4779563	13653.9375	60980.97656	11872.14063	155412	971.4452087	302239.6031	183525.2969	3.773891942	494755.125	3392957	3389731.5	40997	2411141.4	4291257.3	634352.8125	50.64731598
sub-15_task-anim_run-004_bold	0.002324257	0.011647682	0	27.71432621	1.150258051	1.011544813	0.420253836	72187.86719	0.147345131	17	16.83168317	2.512606667	2.34525	2.850183333	2.342386667	0.0160759	-0.008713821	0.015264045	101	80	80	37	5.376595982	2.000000477	3	3	3	155.4087358	7828.277832	36098.02344	6791.24707	155932	555.7307129	178247.3664	111326.8906	3.869090693	287827.0313	1995505.375	1991901.875	40737	1426051.25	2524204.4	370471.8438	51.48355865
sub-16_task-anim_run-001_bold	0.005457426	0.0111152	0	31.16654383	1.208764563	1.007671446	0.425468752	139266.9531	0.207076872	25	24.75247525	2.561568889	2.499846667	2.770636667	2.414223333	0.0101371	-0.004332692	0.00666054	101	80	80	37	4.674502313	2.000000477	3	3	3	156.1064484	3304.938232	14800.47559	2749.519531	152421	195.3556824	64741.88672	45537.73047	2.755583386	194176.5	1140933.625	1123750.25	43574	797818.0375	1515994.075	240397.2188	48.47340393
sub-16_task-anim_run-002_bold	0.004622673	0.007560027	0	29.25958601	1.270316593	1.007753059	0.425784209	140664.4219	0.125958549	11	10.89108911	2.554325556	2.504133333	2.752436667	2.406406667	0.00933892	-0.004990872	0.006473693	101	80	80	37	4.637039907	2.000000477	3	3	3	160.21652	3275.789795	14723.50879	2701.195313	152291	161.2263794	64613.08594	45748.07031	2.772930695	193552.25	1128249.25	1110714.125	43650	785825.1188	1502512.319	239528.1094	57.46865082
sub-16_task-anim_run-003_bold	0.004806832	0.009420793	0	30.50422436	1.220921425	1.045783912	0.426188737	139199.0156	0.176802223	20	19.8019802	2.576692222	2.521586667	2.77741	2.43108	0.0102168	-0.004591102	0.00656054	101	80	80	37	4.605665428	2.000000477	3	3	3	157.6517433	5358.652344	24561.89453	4464.179199	152203	337.7987457	106234.6547	77105.86719	2.724127545	318736.7813	1856901	1829521.875	43808	1279268.3	2477196.675	397228.375	52.31938934
sub-16_task-anim_run-004_bold	0.007951881	0.013634082	0	32.23741076	1.206323936	1.025104744	0.426064273	144238.2344	0.227593279	27	26.73267327	2.562961111	2.504486667	2.76825	2.416146667	0.0348456	-0.004245353	0.005973614	101	80	80	37	4.65595893	2.000000477	3	3	3	154.8001776	5280.927734	24355.12305	4377.473145	152297	305.0771179	106194.0266	76017.04688	2.787453237	316578.0313	1856435.25	1829294.25	43663	1292546.675	2469761.625	392888.625	43.90578461
sub-17_task-anim_run-001_bold	0.000719505	0.005836859	0	24.11072271	1.133519561	0.99276035	0.410722943	217822.0781	0.059822546	0	0	2.472981111	2.334653333	2.752546667	2.331743333	0.0195343	-0.011156699	0.009496182	101	80	80	37	4.642449855	2.000000477	3	3	3	223.9584551	1542.000854	8759.743164	1213.585205	156319	46.71563606	38802.73984	31538.35156	2.800887491	106974.7031	628433.375	622593.25	40326	424386.0469	834465.1563	134107.1094	64.09048462
sub-17_task-anim_run-002_bold	0.001476931	0.006543891	0	24.96782909	1.139813821	1.004322129	0.410694279	219063.1406	0.084804973	6	5.940594059	2.481714444	2.344006667	2.76058	2.340556667	0.0186043	-0.010856512	0.008390461	101	80	80	37	4.588621072	2.000000477	3	3	3	209.1686854	2430.014404	13939.87891	1924.524902	156354	78.47998276	61243.2998	49761.38672	2.87931063	171287.5313	999310.75	990204	40362	672206.6844	1329347.963	215792.875	61.00839996
sub-17_task-anim_run-003_bold	0.00082802	0.004098682	0	23.84567469	1.174565712	1.010448993	0.410793851	225867.5938	0.048649811	0	0	2.461847778	2.315673333	2.746793333	2.323076667	0.018077	-0.011194961	0.008574103	101	80	80	37	4.694764583	2.000000477	3	3	3	197.1904431	4076.949219	23418.37891	3162.546875	156349	76.40097046	103158.1281	84351.19531	2.710694163	285557.7188	1675687.375	1658618.125	40277	1142830.25	2219755.5	353286.625	71.61759949
sub-17_task-anim_run-004_bold	0.00084505	0.004559444	0	23.83815603	1.161268048	1.011849752	0.410833784	232252.6875	0.049262727	0	0	2.470255556	2.3234	2.75519	2.332176667	0.0179975	-0.011249946	0.008810492	101	80	80	37	4.676203718	2.000000477	3	3	3	200.5594096	3963.731201	22981.28125	3037.712891	156298	55.05696812	100606.1902	83977.07813	2.731722336	277363	1627984.625	1613704.25	40349	1103518.275	2157824.3	345084.25	71.2673111
sub-18_task-anim_run-001_bold	0.008507228	0.009566681	0	37.00852489	1.409751252	1.074869848	0.427719116	94338.10156	0.189607302	24	23.76237624	2.586464444	2.506636667	2.73544	2.517316667	0.0182904	-0.010561144	0.012840292	101	80	80	37	4.946591514	2.000000477	3	3	3	157.2647023	4746.183594	25192.21484	3679.105469	155046	201.1698341	114019.5156	80459.61719	2.033378745	221118.9063	1240806.25	1236650.375	41602	845342.2688	1624270.938	249997.5	50.04170609
sub-18_task-anim_run-002_bold	0.00380099	0.007753743	0	33.71208591	1.382141291	1.010850415	0.426973021	99087.14844	0.129310393	10	9.900990099	2.57164	2.495276667	2.72054	2.499103333	0.0192647	-0.010230885	0.011952039	101	80	80	37	4.896964529	2.000000477	3	3	3	160.8276939	12136.00977	65222.35156	9377.961914	154941	464.9378052	291134	213129.7188	1.979959664	585885.5	3256075.75	3238930.75	41601	2224423.5	4282653.5	661408.0625	56.56823349
sub-18_task-anim_run-003_bold	0.006615941	0.00769668	0	33.59229786	1.394979261	1.052606317	0.426979427	99568.95313	0.126529182	8	7.920792079	2.572314444	2.51326	2.71467	2.489013333	0.0110736	-0.010127206	0.01113398	101	80	80	37	4.991366925	2.000000477	3	3	3	152.2836677	11761.83008	62996.36719	9112.016602	154927	445.5352936	281569.7406	204024.6406	1.951713266	556504.5625	3129314.75	3117676.5	41544	2143437.988	4089189.075	624606.25	56.98144913
sub-18_task-anim_run-004_bold	0.009541584	0.01162365	0	36.24119539	1.333991775	1.053756536	0.427155014	104918.1797	0.203854179	25	24.75247525	2.582676667	2.503626667	2.737883333	2.50652	0.0207078	-0.010084037	0.011822459	101	80	80	37	4.982475084	2.000000477	3	3	3	155.1818081	11455.92676	62416.91406	8894.802734	154972	499.775354	281436.8516	200791.0313	2.008960943	554649.5	3129869.5	3120066.25	41546	2141800.688	4098576.25	626200.5625	45.60402679
sub-19_task-anim_run-001_bold	0.001327624	0.00778212	0	28.64740671	1.214348847	1.003290478	0.430621192	113092.2266	0.106426402	4	3.96039604	2.43524	2.334086667	2.66919	2.302443333	0.0325694	-0.01067993	0.010475214	101	80	80	37	5.052845118	2.000000477	3	3	3	112.0545344	9346.318359	55976.19922	7166.928711	154669	277.4685791	281095.3063	168490.0938	2.134406029	461725.1563	2660401.25	2653795.5	41766	1813307.094	3451414.563	525201.875	56.71051407
sub-19_task-anim_run-002_bold	0.000808317	0.006816748	0	29.21279715	1.229099561	1.000518991	0.430874417	117699.8594	0.089310271	3	2.97029703	2.431415556	2.329363333	2.665516667	2.299366667	0.0110468	-0.010798863	0.011068265	101	80	80	37	5.063223809	2.000000477	3	3	3	112.7481127	9269.679688	56657.09375	7045.762695	154766	245.5186348	288099.3828	170495.4375	2.180523146	458501.0313	2658702	2652458.25	41689	1824574.6	3447348.45	523861.1875	61.62189484
sub-19_task-anim_run-003_bold	0.007410198	0.008629071	0	28.66905563	1.243969654	1.054509482	0.431825046	111168.6953	0.094103423	3	2.97029703	2.422993333	2.31738	2.656843333	2.294756667	0.0127739	-0.010989255	0.010473025	101	80	80	37	5.075867348	2.000000477	3	3	3	102.4658051	9296.513672	57004.26172	7135.367676	154773	271.2546204	291867.8875	169955.6719	2.19106114	450067.625	2632094	2624372.75	41689	1810201.85	3410345.1	517023.2188	55.81145859
sub-19_task-anim_run-004_bold	0.01326802	0.009740644	0	31.19789459	1.321325286	1.09345847	0.429537951	119345.0859	0.129332445	8	7.920792079	2.438407778	2.33038	2.666803333	2.31804	0.0375781	-0.011034742	0.011236953	101	80	80	37	4.998992662	2.000000477	3	3	3	120.194662	9156.248047	55271.22266	7006.681641	154950	325.6864716	277709.0453	165890.2344	2.050560597	466633.875	2653929.25	2640151	41570	1825546.663	3456952.037	528130.25	49.7565155
sub-20_task-anim_run-001_bold	0.00133602	0.007081184	3	25.37980377	1.14174313	0.994686692	0.450505373	104832	0.112532728	8	8.163265306	2.497054444	2.371173333	2.686193333	2.433796667	0.0129476	-0.005837293	0.008577067	98	80	80	37	4.564783779	2.000000477	3	3	3	135.0724686	10305.45898	55187.49219	7728.942871	149004	376.2688507	249191.6258	163288.2188	1.746451391	508311.6563	2768445.25	2752687.25	46461	1777925.25	3726046	603020.375	54.12595367
sub-20_task-anim_run-002_bold	0.003439406	0.008718556	0	24.83887898	1.084386869	0.999863506	0.44977955	101876.8594	0.133444688	18	17.82178218	2.512546667	2.38787	2.709056667	2.440713333	0.0168403	-0.004873493	0.008611724	101	80	80	37	4.51812456	2.000000477	3	3	3	143.8587365	10611.88086	54612.64453	7957.642578	148867	393.1297913	243965.2969	160931.0156	1.803097599	524461.625	2822986.5	2811854.75	46639	1795158.513	3800438.925	622343.3125	48.84018707
sub-20_task-anim_run-003_bold	0.002836436	0.006464619	0	23.50296322	1.096908332	1.013327849	0.450975012	98353.02344	0.12587623	11	10.89108911	2.503202222	2.375473333	2.699776667	2.434356667	0.0154537	-0.005718933	0.009989934	101	80	80	37	4.569768091	2.000000477	3	3	3	123.1944889	10637.59766	55622.42578	7856.585449	148951	264.8269196	254776.6641	161749.2031	1.772783468	504729.6875	2741755	2730219	46538	1745235.525	3683160.263	597446	55.5033226
sub-20_task-anim_run-004_bold	0.002408614	0.008013358	0	26.52775164	1.129360135	0.984906091	0.450292933	92675.875	0.142017374	13	12.87128713	2.508283333	2.381376667	2.691143333	2.45233	0.0136722	-0.005559455	0.008074429	101	80	80	37	4.579315819	2.000000477	3	3	3	129.4515899	10702.33008	53648.41016	8133.989258	149215	429.862262	234904.3484	156875.75	1.736629293	491283.5938	2699905.25	2683211.75	46415	1723197.325	3623169.3	585935.3125	50.81325912
sub-21_task-anim_run-001_bold	0.000996337	0.01118383	0	26.85625002	1.210007924	0.985518705	0.432692806	83712.47656	0.082558003	1	0.99009901	2.626478889	2.455043333	2.871716667	2.552676667	0.0124573	-0.00948319	0.010952584	101	80	80	37	5.393135103	2.000000477	3	3	3	136.6331001	13957.78125	64799.23047	11042.76563	153392	608.7919769	293293.9391	189097.1094	3.316634632	527199.875	3505114.25	3518501.5	43204	2472455.525	4461072.15	652396.1875	56.84762955
sub-21_task-anim_run-002_bold	0.011762079	0.013267864	0	30.69053368	1.26285185	1.074253211	0.432167301	76469.09375	0.184750709	18	17.82178218	2.651618889	2.487126667	2.90327	2.56446	0.0207601	-0.009339499	0.011099124	101	80	80	37	5.161653862	2.000000477	3	3	3	161.1494163	9119.702148	40497.17188	7215.884277	153379	418.5045776	178536.9188	119846.3203	3.109058925	349332.875	2200585.75	2199338.75	43186	1549181.625	2840120.563	426086.9375	47.28142166
sub-21_task-anim_run-003_bold	0.012429406	0.024822395	0	32.75833563	1.104517156	0.976704688	0.432652102	79704.15625	0.236949198	29	28.71287129	2.676003333	2.505003333	2.93399	2.589016667	0.0222554	-0.009455397	0.011203832	101	80	80	37	5.204796497	2.000000477	3	3	3	161.4650396	14499.29883	66896.74219	11717.60547	153312	784.9748138	296866.3406	199336.5313	3.228937282	563536	3595638	3594418.75	43213	2545859.5	4623641.2	690589.375	36.9981041
sub-21_task-anim_run-004_bold	0.012831782	0.014948166	0	31.04395975	1.269942205	1.056630352	0.431666567	78718.83594	0.167060097	18	17.82178218	2.663125556	2.499033333	2.91304	2.577303333	0.0122512	-0.009389714	0.010423168	101	80	80	37	5.207116851	2.000000477	3	3	3	156.7931562	14668.66113	64744.06641	11655.99707	153193	623.4163818	282616.0125	192863.4375	3.137730839	565410.375	3584064.75	3582396.25	43240	2525609.913	4611652.65	687972.8125	45.39280319
sub-22_task-anim_run-001_bold	0.000878515	0.004786968	0	23.2275054	1.116291232	1.009213693	0.425077684	122312.8125	0.05897393	0	0	2.45984	2.298826667	2.732543333	2.34815	0.00615843	-0.014944287	0.019499538	101	80	80	37	4.402277537	2.000000477	3	3	3	116.1404749	9243.605469	42382.74609	7023.222168	153077	162.6111237	193653.4156	114966.8594	2.189810658	533452.875	2772721	2761273	42897	1821995.575	3749966.7	627230.0625	65.8952179
sub-22_task-anim_run-002_bold	0.000890792	0.004531112	0	22.93730228	1.113123522	1.008675141	0.424904813	124304.7344	0.059483618	0	0	2.454927778	2.29117	2.727366667	2.346246667	0.0093734	-0.014706957	0.019169305	101	80	80	37	4.420274998	2.000000477	3	3	3	106.0036609	8995.578125	40995.74609	6860.331055	153065	167.7401398	188069.0688	109458.5938	2.165453277	521227.3438	2709865	2697640.75	42879	1782924.513	3667042.775	610280.875	65.89028931
sub-22_task-anim_run-003_bold	0.000855248	0.004625188	0	23.76336662	1.131420771	1.00933975	0.425114009	120310.3047	0.058884279	0	0	2.456126667	2.292996667	2.727526667	2.347856667	0.00779755	-0.014938356	0.019238278	101	80	80	37	4.429527945	2.000000477	3	3	3	109.6816795	9136.894531	41507.73828	6976.115234	153078	191.2108093	189927.0992	110697.8281	2.142744523	525231.5	2726371.5	2714171.25	42797	1793669.625	3683347.35	612737.875	66.33574677
sub-22_task-anim_run-004_bold	0.001224059	0.004640323	0	23.54035708	1.144296191	1.011883154	0.425849238	120043.5859	0.065842143	0	0	2.465864444	2.299976667	2.738933333	2.358683333	0.0100288	-0.014721561	0.019024851	101	80	80	37	4.415428411	2.000000477	3	3	3	100.6702199	8901.113281	40488.34375	6850.331055	152843	218.5310364	186302.7297	106653.6094	2.054405438	516673.1563	2663203.75	2651327.25	43003	1740799.013	3600807.15	600461.875	65.97921753
sub-23_task-anim_run-001_bold	0.001051386	0.005382944	0	29.23489981	1.272805835	1.014034669	0.458090981	94798.49219	0.045030325	0	0	2.45312	2.296686667	2.735483333	2.32719	0.0186375	-0.002423988	0.011427486	101	80	80	37	4.605986802	2.000000477	3	3	3	56.27247023	10483.71094	65807.01563	8210.674805	147575	316.3503204	340960.7062	187111.6875	2.110616539	514032.2813	2864863.75	2856124	47784	1869293.956	3837803.775	620083	64.95487976
sub-23_task-anim_run-002_bold	0.000985743	0.005516362	0	29.00362169	1.259935697	1.011200082	0.458359734	92956.71094	0.041460785	0	0	2.451335556	2.29611	2.731606667	2.32629	0.020814	-0.002702656	0.011922922	101	80	80	37	4.62655159	2.000000477	3	3	3	56.56154164	10533.35938	65731.99219	8270.347656	147561	331.742981	340942.6563	185898.1719	2.078377044	507276.4375	2838642.25	2827555	47747	1861617.625	3800248.3	611151.8125	64.41279602
sub-23_task-anim_run-003_bold	0.00103505	0.005205098	0	27.49247936	1.232825137	1.013754843	0.457688116	97198.94531	0.04309382	0	0	2.451821111	2.29544	2.7346	2.325423333	0.0167748	-0.002571389	0.011359734	101	80	80	37	4.604374062	2.000000477	3	3	3	56.03777213	10504.81934	66031.89844	8272.478516	147631	355.6139221	340037.625	187320.0781	2.067592117	519158.9375	2884920	2875751.5	47754	1885015.763	3866739.688	624562.9375	65.74542999
sub-23_task-anim_run-004_bold	0.000999802	0.005325784	0	25.73154457	1.179534446	1.008841437	0.457909232	89945.53906	0.04627131	0	0	2.461851111	2.307473333	2.740166667	2.337913333	0.0174889	-0.002664917	0.011522971	101	80	80	37	4.584986753	2.000000477	3	3	3	56.88420923	10708.63477	65887.42188	8435.897461	147595	394.718985	335156.1031	186943.3594	2.114554354	514713.3438	2870682	2861440.5	47800	1865864.919	3850813.937	624082.625	64.42980194
sub-24_task-anim_run-001_bold	0.000886535	0.00474428	0	21.58594894	1.101475147	1.008495837	0.43201389	239053.7344	0.075336355	0	0	2.545001249	2.434893333	2.85277356	2.347336853	0.0100247	-0.004377346	0.007867929	101	80	80	37	4.824751031	2.000000477	3	2.999999762	2.999999762	85.49902268	4413.09668	37976.50391	3115.164551	154082	37.44037971	179897.6242	119340.2891	2.508573279	289421.5625	1683164.25	1696827.75	41268	1051360.638	2190306.438	351688.0313	69.03790283
sub-24_task-anim_run-002_bold	0.001250297	0.005229934	0	22.0771171	1.100687982	1.013549381	0.432820878	242153.7031	0.073226994	0	0	2.545279027	2.43069	2.861303561	2.34384352	0.0112026	-0.00365778	0.006550676	101	80	80	37	4.8876028	2.000000477	3	2.999999762	2.999999762	65.85177144	4308.130371	38026.96484	3057.642578	154175	51.42984657	179025.0937	118838.3359	2.699698672	275953.4063	1648234.75	1668067.875	41241	1014345.5	2124233.75	341281.3438	65.98526001
sub-24_task-anim_run-003_bold	0.002104059	0.005109888	0	21.82574123	1.105747849	1.016749359	0.432725199	243466.6094	0.073129663	3	2.97029703	2.555924583	2.445493333	2.863710228	2.358570187	0.0118424	-0.003336146	0.006728546	101	80	80	37	4.757600406	2.000000477	3	2.999999762	2.999999762	73.40892583	4293.058594	38555.64063	3057.741699	153994	63.77444553	177486.5305	123084.8906	2.511156571	287931.75	1662497.75	1678322.125	41336	1019308.391	2166920.75	352762.25	64.86524963
sub-24_task-anim_run-004_bold	0.000996634	0.005785917	0	24.69607077	1.151365812	1.002745201	0.433382142	229269.125	0.069779583	1	0.99009901	2.546845694	2.429206667	2.860640227	2.350690187	0.0134891	-0.002413683	0.005237129	101	80	80	37	4.940792326	2.000000477	3	2.999999762	2.999999762	58.60430302	4287.506836	37896.69922	3083.578857	154256	83.59678841	176378.0586	118545.5234	2.664006973	271171.0938	1621621.5	1639620.625	41141	1013516.313	2086592.625	331849.75	63.01698685
sub-25_task-anim_run-001_bold	0.016869505	0.014778988	0	31.75192341	1.294544013	1.094733828	0.417050857	139382.1563	0.246905185	35	34.65346535	2.548134509	2.507126667	2.693436667	2.443840194	0.013466	-0.007421643	0.017448762	101	80	80	37	4.741328036	2.000000477	3	3	2.999999762	187.1416173	7184.919434	42731.67188	5534.428711	156123	281.7138947	172164.5156	169940.9531	2.440766743	383845.3438	2255282	2224959.25	40665	1600027.775	3008552.2	469263.4375	44.76925278
sub-25_task-anim_run-002_bold	0.0061153	0.016598481	1	30.41469826	1.097133984	0.939548849	0.416578219	139478.375	0.198694424	20	20	2.548846731	2.503313333	2.70013	2.443096861	0.00793416	-0.007724487	0.016995545	100	80	80	37	4.687042315	2.000000477	3	3	2.999999762	189.5812812	4451.512207	26465.19336	3407.982422	156265	177.074588	106165.275	104134.9922	2.517244531	239719.6406	1399512.875	1378719.75	40490	998551.3656	1877156.406	294151.9688	43.18048477
sub-25_task-anim_run-003_bold	0.011965545	0.013484627	0	29.96732504	1.288568048	1.108745076	0.414276488	147756.7969	0.204743987	25	24.75247525	2.563371176	2.519883333	2.71906	2.451170195	0.0103453	-0.00732108	0.017195325	101	80	80	37	4.629710792	2.000000477	3	3	2.999999762	200.321849	7058.393066	42070.09766	5431.044922	156406	291.1750946	168132.0156	168336.9844	2.43511927	399513.6875	2293247.75	2254508.75	40309	1626428.325	3082219.5	486959.3125	46.81957245
sub-25_task-anim_run-004_bold	0.004534059	0.022950606	0	31.67061432	1.031365343	0.910232502	0.415993441	129428.7031	0.273984192	40	39.6039604	2.594022288	2.550036667	2.76106	2.470970196	0.0118445	-0.006101215	0.014856162	101	80	80	37	4.657811532	2.000000477	3	3	2.999999762	202.8393652	7451.894531	40834.875	5773.166992	156072	348.8250183	165140.3859	155374.4219	2.422678164	394772.5	2282039	2244309	40564	1619075.981	3068068.462	481831.7188	36.58465958
sub-26_task-anim_run-001_bold	0.004771287	0.010167762	0	31.10844931	1.292946986	1.031293473	0.432459406	176779.4688	0.11240679	8	7.920792079	2.568927778	2.385883333	2.841733333	2.479166667	0.0134782	-0.007375441	0.015739342	101	80	80	37	4.659262179	2.000000477	3	3	3	97.4575189	7006.509766	55372.73047	5109.572266	154926	138.187973	276146.1406	174075.2031	2.769215131	401118.2188	2391572.25	2396127.5	41764	1515202.594	3136735.662	514265.7188	50.9372139
sub-26_task-anim_run-002_bold	0.015668515	0.013158937	0	32.29114679	1.30208945	1.068136034	0.432745551	186628.1094	0.154525003	13	12.87128713	2.556734444	2.368906667	2.84182	2.459476667	0.0124236	-0.007319294	0.01614386	101	80	80	37	4.703422683	2.000000477	3	3	3	98.28615949	6782.723633	55404.49609	4934.515137	154982	122.8984917	274917.5172	175030.4375	2.740135793	392919.625	2372093.5	2377894.25	41721	1509679.375	3106941.75	505560.7188	46.8964386
sub-26_task-anim_run-003_bold	0.005041683	0.008739005	0	31.13554293	1.258896901	1.014325415	0.432809973	177634.0156	0.12158177	9	8.910891089	2.547261111	2.364973333	2.841526667	2.435283333	0.0243397	-0.007581081	0.016562924	101	80	80	37	4.646546073	2.000000477	3	3	3	100.5514597	7033.322266	55836	5110.102539	154905	110.9015717	276532.8875	176777.9531	2.886468426	397609.2813	2397684.25	2405712	41710	1515964.244	3141631.363	517735.7813	52.77844238
sub-26_task-anim_run-004_bold	0.004489109	0.008302174	0	32.16094111	1.275871734	1.032682552	0.432554437	190355.75	0.123702507	9	8.910891089	2.551436667	2.367626667	2.843663333	2.44302	0.0144417	-0.006875598	0.01635089	101	80	80	37	4.605317125	2.000000477	3	3	3	100.0753775	6794.115234	54485.82031	4880.565918	154701	99.75746918	271436.7188	171789.1094	2.852587483	397335.1875	2382952.25	2390918.5	41891	1496120.25	3125356	519158.5938	54.02432632
sub-27_task-anim_run-001_bold	0.001051683	0.00722956	0	26.59228083	1.115441414	1.004737487	0.415324458	188786.6094	0.135299307	12	11.88118812	2.433281111	2.247303333	2.654916667	2.397623333	0.00566114	-0.018720612	0.015674714	101	80	80	37	5.066304342	2.000000477	3	3	3	116.2469748	3959.24585	32104.91016	2923.029785	159208	99.37900391	143344.2875	105075.0078	2.29372952	247170.5469	1411525	1411732	38184	971014.5844	1830378.519	278647.5938	56.46704483
sub-27_task-anim_run-002_bold	0.001033861	0.006982628	0	27.56787804	1.136603822	1.010595722	0.415314971	202612.6719	0.133023401	12	11.88118812	2.421478889	2.241006667	2.644166667	2.379263333	0.00650556	-0.019212909	0.01557235	101	80	80	37	5.048561687	2.000000477	3	3	3	115.280794	3975.180664	32957.98438	2856.329102	159390	61.81101532	147659.6555	107892.5859	2.384963756	249209.125	1429758.5	1430607.625	38074	981135.1344	1854871.419	283365.625	58.88227463
sub-27_task-anim_run-003_bold	0.000804059	0.006550616	0	26.65797581	1.13932039	1.007625179	0.414988203	207674.5938	0.11585781	8	7.920792079	2.416174444	2.230926667	2.64087	2.376726667	0.00619426	-0.019291414	0.016434701	101	80	80	37	5.096667463	2.000000477	3	3	3	120.3538035	3900.024658	32499.5293	2796.994629	159439	58.14125633	145042.6016	107425.8516	2.286931654	246707.7969	1418660.625	1418055.375	37987	980585.5063	1838236.738	278228.2188	60.73336411
sub-27_task-anim_run-004_bold	0.004699208	0.007450784	0	26.92892338	1.15808743	1.050896089	0.415430232	201158.3281	0.11653085	8	7.920792079	2.439224444	2.257223333	2.665483333	2.394966667	0.00740767	-0.019079749	0.015222947	101	80	80	37	4.966864948	2.000000477	3	3	3	110.6991714	6425.86377	53800.65625	4663.519043	159399	120.1614922	241885.9531	175735.875	2.520366545	405469.8438	2315217.25	2318547.75	38130	1575987.619	3006649.488	466796.9375	56.71903992
sub-28_task-anim_run-001_bold	0.001715743	0.00679087	0	28.09850884	1.221053984	1.004108701	0.435858689	229370.3281	0.10103431	5	4.95049505	2.472297778	2.32172	2.701443333	2.39373	0.0174854	-0.004860961	0.014361568	101	80	80	37	4.61917156	2.000000477	3	3	3	118.0777398	4996.129395	39430.80859	3674.312988	152302	115.9781597	207737.2445	128606.4141	3.018980212	336105.375	1931655.75	1911136.875	43905	1347007.625	2581635.85	413735.4688	59.46592331
sub-28_task-anim_run-002_bold	0.005370396	0.007928536	0	28.22264063	1.226772849	1.025533662	0.436505131	229363.3125	0.139790657	17	16.83168317	2.46676	2.310973333	2.69657	2.392736667	0.0101703	-0.004932231	0.013657144	101	80	80	37	4.626547643	2.000000477	3	3	3	115.6252093	3048.685059	24348.11133	2262.467285	152266	87.18123817	130949.0742	78784.96875	3.13059087	205825.0781	1190511.875	1177129.875	43902	830851.5281	1591405.088	254426.5313	54.94302368
sub-28_task-anim_run-003_bold	0.003151188	0.005889875	0	27.66566368	1.249567681	1.032626496	0.43586323	248764.4063	0.096554358	8	7.920792079	2.461458889	2.310473333	2.697846667	2.376056667	0.0136467	-0.004831413	0.013846122	101	80	80	37	4.613994164	2.000000477	3	3	3	121.0055759	4735.353516	38988.24219	3459.106445	152314	90.05420341	208101.3961	127892.9922	3.122376926	330021.6875	1909096.25	1889089.5	43890	1331088.669	2550627.225	409421.4063	62.30886078
sub-28_task-anim_run-004_bold	0.002773762	0.007049475	0	27.53071165	1.221426063	1.024221537	0.435373199	227477.0469	0.106334962	5	4.95049505	2.460321111	2.310033333	2.695976667	2.374953333	0.0129316	-0.004544806	0.014004006	101	80	80	37	4.621068856	2.000000477	3	3	3	122.5287672	5053.708496	39400	3685.626221	152441	76.1442337	211262.4844	128813.5938	3.119847431	333804.2813	1925086.75	1904187.75	43792	1344821.5	2574904.063	412061.8125	57.97579956
sub-29_task-anim_run-001_bold	0.001056733	0.005764456	0	21.07172701	1.097098734	1.007796986	0.432622223	263120.25	0.088055958	2	1.98019802	2.518495556	2.373533333	2.752813333	2.42914	0.01038	-0.017071348	0.017436795	101	80	80	37	5.339425587	2.000000477	3	3	3	224.0181589	3962.015625	28996.89258	2953.201172	152697	96.67972717	133208.5219	106971.5703	2.987100683	274751.5938	1690194	1688050	43357	1219805.75	2155727.85	316144.5938	65.84405518
sub-29_task-anim_run-002_bold	0.001686634	0.007585876	0	23.21826185	1.109212817	0.999302989	0.433612136	290798.1875	0.109579612	10	9.900990099	2.528778889	2.3874	2.75656	2.442376667	0.00880152	-0.017252449	0.017712774	101	80	80	37	5.336800235	2.000000477	3	3	3	220.1919831	3702.311279	28737.06641	2764.601563	152349	110.0431702	131882.1188	107053.0938	2.97803491	271730.4063	1686199.875	1683862.5	43611	1212940.063	2153224.875	315515.5	59.38967514
sub-29_task-anim_run-003_bold	0.001654356	0.00642896	0	23.2465954	1.128022205	1.014377403	0.433952649	277646.0625	0.109189016	6	5.940594059	2.522428889	2.37867	2.755223333	2.433393333	0.0071281	-0.017792264	0.01918803	101	80	80	37	5.320893737	2.000000477	3	3	3	220.0386768	3840.624756	29232.82813	2848.855469	152377	93.16933136	134178.4562	108925.1484	2.985870234	273022.6875	1688239.75	1686933.875	43611	1213938.375	2158273	317035.9375	63.59727859
sub-29_task-anim_run-004_bold	0.00218802	0.008580917	0	21.75071552	1.075054363	0.98498706	0.433364952	261399.3281	0.095210037	4	3.96039604	2.54344	2.389356667	2.77983	2.461133333	0.00639929	-0.017169246	0.01764076	101	80	80	37	5.264438582	2.000000477	3	3	3	227.5443382	3963.987549	28786.61523	2945.256836	152453	95.3878952	132154.9062	107105.7813	3.094089028	272508.5938	1679162.125	1678782.75	43591	1202872.813	2148763.75	318887.4688	56.39488602
sub-30_task-anim_run-001_bold	0.003017624	0.005969174	0	25.84480986	1.237085242	1.013632746	0.424671007	221431.2813	0.075366401	2	1.98019802	2.474171111	2.315663333	2.740963333	2.365886667	0.0119028	-0.009907385	0.007006436	101	80	80	37	4.85539353	2.000000477	3	3	3	82.34683721	3599.055176	26305.21484	2711.836426	154506	96.14980698	123867.3438	82663.46094	2.635108889	241991.8125	1429646.5	1412891.375	41748	1008555.3	1885277.788	290990.7188	62.86968231
sub-30_task-anim_run-002_bold	0.00093	0.004742508	0	26.95127184	1.26834558	1.008873266	0.424779457	215770.3906	0.072630861	1	0.99009901	2.482943333	2.329146667	2.746983333	2.3727	0.0144857	-0.009690817	0.006992088	101	80	80	37	4.852196008	2.000000477	3	3	3	80.68811783	5968.98291	42994.11328	4461.150879	154455	128.69189	206922.1531	133632.6094	2.697944855	391448.6875	2321584.75	2293051.25	41767	1635186.213	3069813.25	472574.4375	68.80805969
sub-30_task-anim_run-003_bold	0.001631188	0.004765378	0	26.45799267	1.269016281	1.019173303	0.424585666	231382.75	0.072867763	2	1.98019802	2.465821111	2.311733333	2.732376667	2.353353333	0.0121355	-0.009783464	0.007176386	101	80	80	37	4.869792279	2.000000477	3	3	3	79.18200186	5710.30957	42184.55859	4243.0625	154532	116.7150093	203187.8242	130625.9297	2.649106049	390288.375	2302626	2274973.25	41721	1626176.75	3040442.5	467154.625	68.61999512
sub-30_task-anim_run-004_bold	0.000903069	0.004667336	0	25.04901424	1.225376129	1.005486984	0.424376307	230854.3281	0.065809529	0	0	2.472664444	2.316933333	2.74283	2.35823	0.017893	-0.010097579	0.00704653	101	80	80	37	4.860620122	2.000000477	3	3	3	81.00203145	5822.572754	42817.75391	4286.04248	154575	97.3238205	202959.0266	134721.3125	2.665190648	392350.125	2317621.75	2289202.75	41656	1639331.531	3058560.5	470963.625	69.32814789
sub-31_task-anim_run-001_bold	0.001090495	0.011907528	0	24.91226915	1.05313256	0.960503252	0.454191978	152040.1406	0.124759076	10	9.900990099	2.520209926	2.45732	2.799859777	2.30345	0.00853239	-0.002412959	0.017853009	101	80	80	37	5.071678721	2.000000477	3	3.000000238	3	178.0006225	5923.288086	39332.00391	4257.325195	148194	97.18698196	190710.3766	129554.7422	2.813216563	295677.4063	1835960.875	1835130.625	46823	1252498.288	2380928.275	361835.0313	50.25284958
sub-31_task-anim_run-002_bold	0.003510396	0.009924282	0	25.57477385	1.122151143	1.007213308	0.454798729	154314.9844	0.128775646	13	12.87128713	2.508756593	2.447893333	2.779629779	2.298746667	0.00970207	-0.003168522	0.017489981	101	80	80	37	5.037983462	2.000000477	3	3.000000238	3	187.0467001	2278.700928	15256.24414	1634.13501	147991	32.93133545	73124.95703	50870.10547	2.827863089	113749.0469	710176.5625	710833.5625	47067	481566.775	921235.3062	141093.3594	52.85834122
sub-31_task-anim_run-003_bold	0.00376703	0.00855384	0	24.92787697	1.14864989	1.071805043	0.453989146	168084.9688	0.105360202	9	8.910891089	2.521967704	2.464783333	2.790006445	2.311113333	0.0111504	-0.00194758	0.017679324	101	80	80	37	4.993032824	2.000000477	3	3.000000238	3	185.6835312	5760.085938	39449.51953	4068.643799	147976	59.21078396	190536.5156	131886.2344	2.844868912	301189.7188	1852694.375	1853634	47013	1255230.075	2407029.8	371240.1563	55.4680481
sub-31_task-anim_run-004_bold	0.001775446	0.009254819	0	24.9806262	1.120851721	1.009306995	0.452144891	169476.2031	0.103459902	7	6.930693069	2.509973259	2.444766667	2.789556445	2.295596667	0.0179636	-0.002128882	0.018594265	101	80	80	37	5.03459213	2.000000477	3	3.000000238	3	189.7447542	3431.944824	23536.89453	2440.102295	148401	41.43208313	115289.8906	78723.07031	2.819771149	179234.375	1118320.25	1117679.875	46625	758878.675	1450014.225	221997.7031	54.10552979
sub-32_task-anim_run-001_bold	0.001045149	0.005599923	0	25.92396965	1.290152002	1.009503647	0.413306764	221672.0313	0.06743989	0	0	2.572888825	2.396523333	2.900513333	2.421629808	0.00862777	-0.007021342	0.009060001	101	80	80	37	5.675920853	2.000000477	3	3	3.000000238	85.51709733	4625.333008	31543.96875	3317.957031	158088	51.13461113	150088.1859	102240.8984	2.85309748	260766.9375	1697481.875	1696199.375	39026	1243154.719	2144261.125	298837.4375	74.11688995
sub-32_task-anim_run-002_bold	0.001600198	0.005540731	0	25.78641123	1.290063913	1.017417817	0.413591207	213418.6094	0.074238625	0	0	2.568888825	2.392643333	2.89612	2.417903141	0.0127158	-0.007145585	0.008892011	101	80	80	37	5.707958979	2.000000477	3	3	3.000000238	82.51922176	4676.09375	32023.12305	3435.180176	158076	80.62309647	151290.1953	103650.1172	2.79386484	264001.5938	1716899.25	1717394	39015	1258078.738	2164039.575	300873.2188	72.65583038
sub-32_task-anim_run-003_bold	0.001099307	0.00564445	0	26.86754953	1.30784897	1.013447921	0.414294083	214102.6094	0.071714977	0	0	2.58847438	2.409453333	2.91452	2.441449806	0.010163	-0.007066192	0.008693869	101	80	80	37	5.598982882	2.000000477	3	3	3.000000238	82.85266363	4672.220215	31972.00781	3384.570068	157776	44.96818638	152143.6563	103913.0781	3.08631349	260811.3125	1699251.75	1700690.5	39240	1230367.313	2147914.187	303746.0313	74.21975708
sub-32_task-anim_run-004_bold	0.001006832	0.005942576	0	26.07188635	1.281241365	1.00941074	0.413758037	218540.8438	0.071119404	0	0	2.577625491	2.402156667	2.902383333	2.428336474	0.00916317	-0.006988118	0.008874204	101	80	80	37	5.639162887	2.000000477	3	3	3.000000238	84.08491704	1756.362183	12101.46289	1271.087036	158006	17.61612558	57975.00488	39357.04688	3.097701307	98356.29688	643957.8125	643349.75	39081	471748.2813	812731.125	114084.5781	71.59809875
sub-33_task-anim_run-001_bold	0.001107921	0.005696649	0	30.62665335	1.400819059	1.013898527	0.378487727	193147.9219	0.141323994	15	14.85148515	2.577731111	2.473326667	2.76957	2.490296667	0.0248158	-0.010157133	0.008888043	101	80	80	37	4.953989141	2.000000477	3	3	3	237.9497098	4591.560547	21715.30664	3443.899902	164692	73.43276558	91937.675	69559.99219	2.168770877	281655.875	1649749	1648950.625	33689	1130488.675	2171533.15	332848.1563	71.63787079
sub-33_task-anim_run-002_bold	0.001450297	0.006772353	0	30.92077213	1.350330923	1.000610789	0.379207833	190019.25	0.164443328	24	23.76237624	2.574284444	2.468096667	2.790253333	2.464503333	0.0172802	-0.010052237	0.009501236	101	80	80	37	5.206262372	2.000000477	3	3	3	188.4878433	4536.859375	21229.05273	3452.193848	164590	113.4880623	92311.64453	63730.20703	2.076060121	274015.75	1632300.5	1638645.625	33678	1122266.431	2114494.313	314740.4375	62.83804703
sub-33_task-anim_run-003_bold	0.001704752	0.0064095	0	31.78878695	1.40227295	1.013719819	0.37850447	198256.2969	0.159338181	26	25.74257426	2.58078	2.473456667	2.775813333	2.49307	0.0256065	-0.010345997	0.008842637	101	80	80	37	4.983563541	2.000000477	3	3	3	218.7520472	1754.173828	8404.933594	1313.624268	164710	30.91553373	35730.15645	26613.18555	2.271266168	108476.5859	637938.1875	637351.0625	33660	440657.6	838780.3594	127888.7266	66.44271088
sub-33_task-anim_run-004_bold	0.001462376	0.007381441	0	31.62923016	1.388527508	1.010940677	0.37890316	188929.1719	0.135115292	10	9.900990099	2.581212222	2.474066667	2.77162	2.49795	0.02313	-0.010236348	0.009449959	101	80	80	37	4.974699623	2.000000477	3	3	3	240.0298133	1758.363525	8362.170898	1329.71167	164699	40.58493958	35624.24922	26401.61523	2.157779032	107634.0938	630215.3125	629558.75	33678	433861.2656	828853.8125	126550.2344	61.9865036
sub-34_task-anim_run-001_bold	0.001880198	0.00591778	0	24.702187	1.24004255	1.025245699	0.422660408	146777	0.067163428	3	2.97029703	2.622744008	2.536088704	2.846469985	2.485673333	0.0394416	-0.003565134	0.008166023	101	80	80	37	5.148064765	2.000000477	2.987454653	2.987454653	3	136.1437086	6384.338379	32830.63281	4686.81543	155000	118.3669312	148698.6445	94345.05469	2.955072072	315498.3125	1972963.375	1979424.25	41386	1358020.781	2549212.188	384494.0625	66.21560669
sub-34_task-anim_run-002_bold	0.001123465	0.005278058	0	24.85460882	1.239429321	1.010945596	0.422645124	146540.9375	0.060066168	0	0	2.598339167	2.512419726	2.821231108	2.461366667	0.0180697	-0.00412618	0.008247064	101	80	80	37	5.205115303	2.000000477	2.987454653	2.987454653	3	131.9915765	6421.20752	32918.50391	4675.839844	155055	79.85006332	150379.2719	94524.13281	2.889950336	316035.6875	1978765.125	1982240.25	41278	1375450.519	2553344.25	380820.8125	71.4261322
sub-34_task-anim_run-003_bold	0.001171386	0.005411682	0	24.73438631	1.2290984	1.007167221	0.422712708	144664.6094	0.055938625	0	0	2.602445992	2.520245786	2.825475524	2.461616667	0.0242508	-0.003938117	0.0080094	101	80	80	37	5.212943362	2.000000477	2.987454653	2.987454653	3	127.1773136	6479.859863	32760.47852	4727.159668	155055	91.76387863	148899.1609	93758.07813	2.857505712	313309.0625	1966014.875	1969389	41251	1366531.5	2537085	377783.7188	70.10083771
sub-34_task-anim_run-004_bold	0.000967723	0.00594058	0	24.5868819	1.220107092	0.997724247	0.422910634	144792.7031	0.063815208	0	0	2.604406925	2.517879223	2.828511553	2.46683	0.023214	-0.003876043	0.007960837	101	80	80	37	5.255943514	2.000000477	2.987454653	2.987454653	3	129.22421	6426.726563	33137.63281	4732.09668	155042	114.6963184	149586.7062	95278.75781	2.7350885	315200.5938	1977695.875	1980171.5	41224	1384065.469	2550688.387	376744.4375	67.14334106
sub-35_task-anim_run-001_bold	0.001056832	0.006842326	0	22.14786184	1.124353463	1.004236032	0.424262871	201824.1406	0.09715883	2	1.98019802	2.591785556	2.474853333	2.844366667	2.456136667	0.0111063	-0.005775848	0.01454745	101	80	80	37	5.092351779	2.000000477	3	3	3	214.482803	2434.571289	14675.71582	1837.9198	153745	54.93799362	60343.57969	54936.80469	2.259628202	156361.8125	908733.125	909599.375	42659	628577.7563	1176433.75	178618.5938	65.53442383
sub-35_task-anim_run-002_bold	0.00092604	0.005642989	0	23.87278599	1.187612646	1.007162288	0.424226667	202598.1719	0.077733225	0	0	2.599214444	2.481866667	2.851773333	2.464003333	0.0108327	-0.005644947	0.014401861	101	80	80	37	5.064803642	2.000000477	3	3	3	209.2782164	3971.730713	24010.82813	2989.775391	153709	74.93609161	97970.08125	89826.23438	2.308204755	255026.8594	1475193.25	1477666.625	42745	1018726.275	1912831.05	291748.5938	71.40866089
sub-35_task-anim_run-003_bold	0.002900891	0.007793291	0	23.02027176	1.15453508	1.04471652	0.423656282	194647.2031	0.115846731	4	3.96039604	2.603632222	2.487743333	2.855123333	2.46803	0.0342722	-0.005769252	0.014425909	101	80	80	37	5.106653343	2.000000477	3	3	3	213.2740941	2511.428711	14710.04102	1882.728638	153837	57.00617218	60218.69453	54474.44922	2.18449591	156570.3438	911872.1875	912619.625	42554	631457.6938	1180818.231	178709.7813	59.7869873
sub-35_task-anim_run-004_bold	0.000998713	0.006208067	0	23.14350115	1.144792218	1.008922538	0.423773164	211436	0.108411709	8	7.920792079	2.597496667	2.48248	2.84647	2.46354	0.0222558	-0.005613769	0.014504338	101	80	80	37	5.061154657	2.000000477	3	3	3	212.1030563	2387.19458	14533.84668	1789.717163	153816	45.47305393	59545.28125	54200.32813	2.269904962	155097.1875	902202.1875	903611.5	42694	620147.5594	1169192.181	178536.5156	67.66778564
sub-36_task-anim_run-001_bold	0.004984059	0.012172767	0	33.06989561	1.154592648	0.990660603	0.438345575	137040.5	0.331800546	62	61.38613861	2.453005556	2.325333333	2.65429	2.379393333	0.021417	-0.002062395	0.009346233	101	80	80	37	4.618354115	2.000000477	3	3	3	115.5723973	2922.336914	18609.05273	2214.496094	152576	136.6195488	86804.72656	53860.30078	1.755707701	171342.7656	901841.125	893734.9375	43622	618229.1313	1208472.362	193515.8438	41.88233566
sub-36_task-anim_run-002_bold	0.006294356	0.01701101	0	31.93467625	1.08997933	0.981772822	0.436299097	125967.3281	0.327516236	57	56.43564356	2.444547778	2.32651	2.648016667	2.359116667	0.0192812	-0.000906717	0.008700267	101	80	80	37	4.609850999	2.000000477	3	3	3	106.5037134	5065.892578	30653.12695	3763.628906	153032	147.8761345	141736.9562	90491.15625	1.802872527	278963.8438	1469315.875	1457880.375	43211	1006233.719	1972067	316249.5938	36.66357422
sub-36_task-anim_run-003_bold	0.003460891	0.015717254	0	30.12097673	1.039756536	0.928322546	0.436867739	121656.3281	0.264305154	43	42.57425743	2.466316667	2.33517	2.683246667	2.380533333	0.0155923	-0.000910661	0.008867208	101	80	80	37	4.616370616	2.000000477	3	3	3	112.0368076	5147.786133	30207.11523	3891.084961	152875	168.4037109	140111.6984	87478.58594	1.774194031	280149.1875	1472189.5	1460851.75	43352	1009327.491	1975327.631	316446.625	37.85477066
sub-36_task-anim_run-004_bold	0.005360495	0.021777084	0	34.5095628	1.068946733	0.95731931	0.438923785	123790.9531	0.387388536	64	63.36633663	2.453986667	2.32809	2.664893333	2.368976667	0.016097	-0.001738908	0.009150608	101	80	80	37	4.649974415	2.000000477	3	3	3	110.0671831	4930.155273	30915.06836	3786	152680	256.5193588	142147.7766	90494.07031	1.722679511	277665	1466338.625	1454714.125	43528	1007718.047	1961284.256	312839.875	34.43383026
sub-37_task-anim_run-001_bold	0.00355505	0.007101079	0	27.07769739	1.14176454	1.034718541	0.473549762	120354.1641	0.097956684	5	4.95049505	2.468566667	2.344276667	2.75164	2.309783333	0.0144245	-0.004991891	0.019555504	101	80	80	37	5.147534349	2.000000477	3	3	3	35.89753968	6244.693359	55901.76563	4315.586914	148236	37.95312786	317135.6719	143472.3438	3.035952983	264164.6875	1639362	1643777.875	47399	1118435.375	2096581.088	319329.6875	57.48740768
sub-37_task-anim_run-002_bold	0.007208614	0.009187184	0	30.04288507	1.175693306	1.070017084	0.473534234	109600.2266	0.158652508	16	15.84158416	2.473987778	2.351173333	2.758423333	2.312366667	0.0186747	-0.005107484	0.019616975	101	80	80	37	5.137848516	2.000000477	3	3	3	35.16891153	6484.242188	56736.88281	4551.137207	148359	78.93980713	321528.3813	145370.75	3.061140224	264992.625	1649863.875	1654499.75	47332	1129351.025	2109927.525	322018.5	50.77742767
sub-37_task-anim_run-003_bold	0.005686634	0.008364239	0	29.24883812	1.167178238	1.060195907	0.473385851	111429.3672	0.116542071	11	10.89108911	2.460612222	2.339236667	2.738633333	2.303966667	0.018743	-0.004794836	0.01928048	101	80	80	37	5.180510188	2.000000477	3	3	3	35.75314756	6562.589844	57045.58984	4582.987305	148351	62.726511	322202.4063	146097.4844	3.087151083	269213.3125	1677449.25	1680551	47263	1156274.513	2141794.375	324395.3125	52.60443115
sub-37_task-anim_run-004_bold	0.002636238	0.007236752	0	26.5812764	1.128298757	1.025632676	0.473868138	111862.2656	0.09632073	7	6.930693069	2.46534	2.346736667	2.748583333	2.3007	0.0222154	-0.005088055	0.019535555	101	80	80	37	5.143879042	2.000000477	3	3	3	34.86403596	6455.242676	56808.5625	4510.915039	148356	58.16818714	321968.5078	145251.4531	3.096777272	264041.2813	1644728.125	1648703.625	47341	1129353	2102770.75	320514.1875	57.10844803
sub-38_task-anim_run-001_bold	0.002101782	0.009918078	0	23.52914446	1.112053069	0.977456529	0.416698142	201927.9219	0.099220162	6	5.940594059	2.401154444	2.270356667	2.66556	2.267546667	0.0231538	-0.009799494	0.008692173	101	80	80	37	5.128390493	2.000000477	3	3	3	118.3180926	4607.22168	32272.11133	3387.397949	156956	75.60377884	134845.1523	112454.2734	3.070293586	275920.8125	1686707.875	1678827.75	39828	1218944.738	2179033.575	327355.4688	57.59905624
sub-38_task-anim_run-002_bold	0.003795446	0.0088015	0	24.3147971	1.171437046	1.021766406	0.417229445	198179.4844	0.107217984	9	8.910891089	2.398096667	2.264483333	2.670136667	2.25967	0.0249918	-0.009873657	0.0087091	101	80	80	37	5.117957785	2.000000477	3	3	3	118.9777523	1757.401978	12353.35938	1301.479736	156815	35.4370903	51769.75469	42881.48438	3.004982419	105855.9531	642038.75	638749.25	39890	463700.6547	830535.8031	124803.9297	57.70930099
sub-38_task-anim_run-003_bold	0.001964158	0.007868685	0	23.96213135	1.166791525	1.015996322	0.417077007	207724.7344	0.103877302	9	8.910891089	2.407034444	2.274773333	2.66933	2.277	0.027923	-0.009749512	0.008458057	101	80	80	37	5.08562511	2.000000477	3	3	3	118.9442024	4493.813477	32154.5625	3335.646484	156798	112.3272648	135220.1766	111167.5469	3.013412183	278532.9688	1687240.75	1677222.5	39926	1218948.844	2187033.75	329792.5938	60.99132538
sub-38_task-anim_run-004_bold	0.011310891	0.017151353	0	27.19839853	1.202585648	1.06283211	0.417651284	203687.4219	0.202223449	38	37.62376238	2.443285556	2.30246	2.713036667	2.31436	0.0229421	-0.009587629	0.008583762	101	80	80	37	5.086897424	2.000000477	3	3	3	114.4425026	4416.18457	31980.55078	3309.751221	156740	126.1671398	133035.0773	111250.1328	3.051405705	271842.5313	1656781.5	1649069.25	39985	1189378.55	2143409.25	324175.7188	41.70999908
sub-39_task-anim_run-001_bold	0.003543168	0.010778754	0	27.84985557	1.063220324	0.987193591	0.441717006	129746.75	0.194800006	23	22.77227723	2.474496667	2.344806667	2.705216667	2.373466667	0.00692662	-0.004540507	0.009588782	101	80	80	37	5.080749989	2.000000477	3	3	3	155.8609838	5713.373047	32241.33203	4358.393066	150383	175.5840485	149510.3406	97795.625	3.21596687	277263.3125	1758589.75	1760054	44792	1203264.219	2265327.775	346412.3125	49.48192596
sub-39_task-anim_run-002_bold	0.002843465	0.007639663	0	26.37474178	1.13697885	1.025791132	0.442321366	141364	0.124283763	15	14.85148515	2.461352222	2.327296667	2.687433333	2.369326667	0.0167522	-0.004488539	0.009120774	101	80	80	37	5.17708216	2.000000477	3	3	3	135.082769	5374.788086	32227.5332	4051.291016	150453	134.6085876	151734.5781	96395.77344	3.017067608	269316.5625	1734602.5	1740853.625	44719	1172295.388	2223789.125	336257.7813	55.49842834
sub-39_task-anim_run-003_bold	0.003620891	0.009773275	0	26.88139399	1.076880298	0.997387791	0.440293942	153470.5	0.17418368	25	24.75247525	2.465491111	2.3415	2.6929	2.362073333	0.0073483	-0.004946503	0.010395676	101	80	80	37	4.981820633	2.000000477	3	3	3	179.0975431	1270.644653	7799.190918	954.8432617	150464	37.78885937	35745.75859	24219.5625	3.154955148	69496.24219	432210.6875	430772.0313	44677	299461.2563	561644.8	86467.82813	51.07825089
sub-39_task-anim_run-004_bold	0.002050495	0.007393108	0	24.71987122	1.107226584	1.010275697	0.441221948	143139.0469	0.105533023	8	7.920792079	2.460555556	2.334853333	2.69452	2.352293333	0.00746348	-0.004572813	0.009709286	101	80	80	37	5.086123383	2.000000477	3	3	3	151.6970938	2102.230713	12342.17676	1577.284912	150431	45.23513794	58291.98438	37354.60156	3.146442621	106533.2656	677116.75	677192.875	44710	464969.6609	872929.3125	133143.7031	57.31003571
sub-40_task-anim_run-001_bold	0.005281584	0.0146241	0	30.2829674	1.069553707	0.991605652	0.404299957	168949.0625	0.236840454	26	25.74257426	2.634863333	2.510356667	2.933863333	2.46037	0.0291218	-0.005452066	0.010135313	101	80	80	37	5.108415196	2.000000477	3	3	3	266.3796573	4053.861816	19458.01172	2970.599121	157724	103.9071468	79301.7375	63091.11719	1.678434373	240830.7656	1357393	1364807.25	38633	920419.8375	1764491	267164.9688	41.70108795
sub-40_task-anim_run-002_bold	0.007283069	0.024717131	0	36.16642939	1.016313264	1.011114213	0.40814127	140323.2188	0.429432744	44	43.56435644	2.662592222	2.5372	2.990763333	2.459813333	0.0314102	-0.00571576	0.009274368	101	80	80	37	5.13417196	2.000000477	3	3	3	238.6627355	1610.020386	7529.346191	1232.982788	157217	83.92360992	30202.72187	23170.24805	1.701811292	89269.33594	503944	506522.25	39180	341964.6797	654552.925	98655.78906	30.50486946
sub-40_task-anim_run-003_bold	0.010585842	0.011657409	0	27.9978083	1.189042966	1.053144487	0.405844282	173978.3438	0.14901737	20	19.8019802	2.597437778	2.482926667	2.882693333	2.426693333	0.037154	-0.00584101	0.008976135	101	80	80	37	5.013169242	2.000000477	3	3	3	249.6011142	3901.374023	19628.28125	2871.112061	157509	106.1668839	79286.15469	62858.15625	1.840600178	240892.8438	1344096.25	1351721	38938	901924.4594	1752057.581	269630.5625	45.63306427
sub-40_task-anim_run-004_bold	0.011815545	0.011982417	0	29.04468739	1.21176359	1.090147098	0.405149312	170479.6563	0.18510697	17	16.83168317	2.613166667	2.491123333	2.916023333	2.432353333	0.0363829	-0.005513403	0.009515044	101	80	80	37	5.091064839	2.000000477	3	3	3	252.532488	4001.022217	19775.30273	2932.044434	157649	97.71954651	80169.89375	64543.73828	1.826317367	240067.6875	1358005.25	1366998.75	38808	917230.3188	1765152.213	268505.9375	46.86729813
sub-41_task-anim_run-001_bold	0.002513663	0.01044539	0	31.37714279	1.210257649	0.956825959	0.419087281	193381.5625	0.118605445	11	10.89108911	2.493933333	2.346763333	2.70258	2.432456667	0.0182951	-0.012572658	0.010442251	101	80	80	37	4.903996749	2.000000477	3	3	3	153.516108	3410.778809	22389.04297	2579.25708	156140	87.01439018	104675.9113	71801.21875	1.87234953	232660.5156	1276047.5	1275944.625	40632	871881.7906	1675633.731	260181.4375	49.97833252
sub-41_task-anim_run-002_bold	0.006099406	0.011719534	0	31.60066065	1.208244226	1.007457578	0.417651446	175359.875	0.170310017	24	23.76237624	2.503807778	2.35767	2.719413333	2.43434	0.0301649	-0.012462665	0.010671349	101	80	80	37	4.807097245	2.000000477	3	3	3	177.2593694	3593.33667	22498.37695	2806.871094	156164	159.7918831	104180.1785	73145.33594	1.823919997	245642.6406	1316628.875	1312517.5	40484	898311.9094	1740948.65	273034.0625	45.50194168
sub-41_task-anim_run-003_bold	0.000894059	0.00661107	0	30.3989736	1.293996915	0.972676129	0.418998859	187620.3125	0.074758985	2	1.98019802	2.487098889	2.340973333	2.69422	2.426103333	0.0142811	-0.012510301	0.010113774	101	80	80	37	4.884346831	2.000000477	3	3	3	146.5134754	3478.418457	22548.78125	2638.503418	156326	92.36256027	105583.0352	71667.78906	1.95264711	235527.4844	1280862.375	1279793.875	40533	877728.0125	1682805.475	262016.2188	60.38043213
sub-41_task-anim_run-004_bold	0.016212574	0.008671582	0	31.13589504	1.415593315	1.12793773	0.418164302	191282.3438	0.088967377	6	5.940594059	2.468194444	2.325063333	2.670083333	2.409436667	0.0342278	-0.012575787	0.010202644	101	80	80	37	4.944291308	2.000000477	3	3	3	154.4479966	3417.505127	22122.66992	2577.574219	156546	85.50896835	102838.041	70738.1875	1.863309946	230531.5781	1268259.375	1266322.25	40330	870805.7375	1663801.737	256114.875	53.21057892
sub-42_task-anim_run-001_bold	0.004265545	0.008319784	0	29.87489168	1.236233184	1.016580538	0.474669694	134883.0156	0.104296907	10	9.900990099	2.520051111	2.328626667	2.769953333	2.461573333	0.0269843	-0.007563361	0.01659935	101	80	80	37	4.292686075	2.000000477	3	3	3	89.4305762	1933.226318	13560.47461	1362.561279	142647	29.28914394	64690.40508	40280.25391	3.03555102	105677.5703	576365.75	564667.5625	52065	396570.3875	780377.5625	131540.5156	53.56225204
sub-42_task-anim_run-002_bold	0.003850891	0.008182789	0	28.97754099	1.233492417	1.027304062	0.474749359	122497.625	0.100843382	13	12.87128713	2.516374444	2.321446667	2.760486667	2.46719	0.0230445	-0.007448237	0.016471755	101	80	80	37	4.315276332	2.000000477	3	3	3	89.14654037	5308.508789	35269.55078	3754.298584	142716	68.06463242	167561.8477	104126	2.977940756	275127.25	1505226.375	1474788.875	51947	1036893.844	2039040.463	341756.7188	53.66944885
sub-42_task-anim_run-003_bold	0.001672376	0.005718243	0	28.39091887	1.260134548	1.019940422	0.474907067	122916.2578	0.069729201	4	3.96039604	2.500581111	2.31066	2.7496	2.441483333	0.024614	-0.007149561	0.016132258	101	80	80	37	4.321811539	2.000000477	3	3	3	88.27102198	5326.219727	35124.82031	3713.195068	142751	41.67414856	167240.3359	103714.875	2.950610502	275104.625	1502601.25	1473442.625	51993	1031936.6	2029014.4	340928.4375	64.83058929
sub-42_task-anim_run-004_bold	0.002358911	0.00665892	0	29.68766956	1.282684284	1.022861019	0.474411563	123811.875	0.074738467	6	5.940594059	2.512496667	2.31919	2.758336667	2.459963333	0.0122702	-0.00740996	0.016451472	101	80	80	37	4.296638957	2.000000477	3	3	3	89.02727083	5242.735352	34905.66797	3674.303467	142849	56.78928299	166223.6125	103435.3281	3.039976841	272211.7188	1488379.25	1459268.25	51917	1025028.438	2015322	339626.9063	60.02543259
sub-43_task-anim_run-001_bold	0.00483604	0.012121667	0	33.03372959	1.170231064	1.008856196	0.41149474	196417.1094	0.22440563	37	36.63366337	2.506462222	2.362803333	2.78365	2.372933333	0.011436	-0.009394115	0.01055315	101	80	80	37	5.108785729	2.000000477	3	3	3	197.3976502	5006.98584	26971.95313	3725.238525	156883	104.3980949	120823.6508	84529.5625	2.734954997	296490.625	1784719.875	1781095.875	39933	1264900	2304740.25	348629.5313	48.85480881
sub-43_task-anim_run-002_bold	0.003079802	0.012663757	0	31.13015062	1.175887583	1.005378453	0.41053272	217998.7188	0.18599926	27	26.73267327	2.51613	2.37387	2.796216667	2.378303333	0.00940577	-0.009224583	0.010880367	101	80	80	37	5.0870768	2.000000477	3	3	3	203.0009269	4751.372559	26923.81055	3528.530273	157066	106.551712	121048.998	85117.07813	2.733494737	296066.5	1781949.75	1778398.25	39816	1258057.125	2300441.875	349587	50.24488449
sub-43_task-anim_run-003_bold	0.005517327	0.013247013	0	32.37497713	1.236852163	1.031761072	0.411079793	199910.3594	0.178322633	26	25.74257426	2.545363333	2.402596667	2.83273	2.400763333	0.0138059	-0.008851546	0.010574898	101	80	80	37	5.108261601	2.000000477	3	3	3	195.4281777	4849.132813	26848.96484	3683.715332	156865	157.8083923	122517.5734	83640.46875	2.696080426	297299.375	1781846.375	1778497.375	39955	1260421.675	2301714.6	348156.625	47.0129776
sub-43_task-anim_run-004_bold	0.001790099	0.009806118	0	34.45543711	1.31036839	1.135844227	0.40982814	206578.7344	0.109101426	5	4.95049505	2.551426667	2.410513333	2.83447	2.409296667	0.0128959	-0.008828976	0.009549286	101	80	80	37	5.058021016	2.000000477	3	3	3	196.8158335	5093.657715	27461.63477	3800.133789	156912	115.8120571	124859.8668	84709.5625	2.736765598	312218.625	1866768.5	1864636.375	39973	1307805.25	2412945.8	368644.7813	54.04135513
sub-44_task-anim_run-001_bold	0.000989208	0.005691952	0	32.75826857	1.332153663	1.00482131	0.41830324	154050.5	0.081639027	3	2.97029703	2.390976667	2.260963333	2.700016667	2.21195	0.0157679	-0.010073355	0.014351258	101	80	80	37	4.718196145	2.000000477	3	3	3	83.85352642	2922.436035	21433.24023	2144.375	157086	47.77904892	107927.8262	65919.92188	1.857243934	176491.375	944023.1875	932273.25	39246	657964.2656	1258835.313	197588.5156	60.16339874
sub-44_task-anim_run-002_bold	0.001335743	0.006750055	0	33.1349543	1.324154653	1.007487145	0.419334466	160718.1875	0.083470967	5	4.95049505	2.380684444	2.248503333	2.693656667	2.199893333	0.0176922	-0.010400359	0.01503035	101	80	80	37	4.711032089	2.000000477	3	3	3	85.59033595	4551.916992	34821.17188	3326.079834	157055	62.66871948	177277.7875	106896.2656	1.984108657	279371.375	1498315.375	1480981.5	39383	1043197.069	1999049.613	314360.5625	57.58097076
sub-44_task-anim_run-003_bold	0.001605941	0.006076459	0	32.86017897	1.34091559	1.013111613	0.418932127	147466.3125	0.078359469	4	3.96039604	2.365302222	2.23424	2.676593333	2.185073333	0.0109417	-0.010090764	0.014829318	101	80	80	37	4.772827607	2.000000477	3	3	3	81.85759969	4765.994629	35221.71875	3557.033691	157213	110.2285858	178534.2156	107216.4688	1.828886338	284137.125	1529224.875	1509903.875	39188	1072564.05	2037029.7	316350.125	59.27005768
sub-44_task-anim_run-004_bold	0.000893762	0.005395669	0	32.18497381	1.334032481	1.006254736	0.417530226	152731.1875	0.069764996	1	0.99009901	2.401992222	2.27401	2.710433333	2.221533333	0.022401	-0.009885853	0.01388382	101	80	80	37	4.646690621	2.000000477	3	3	3	83.86770585	4880.452637	35377.87109	3576.235596	157105	77.39663696	178116.7	108444.6328	1.89883802	298211.4375	1582184.75	1563190.875	39276	1091187.156	2115552.688	336405.2188	60.91172791
sub-45_task-anim_run-001_bold	0.00180505	0.009071579	0	31.86979092	1.340140025	0.999327387	0.416447836	198542.0469	0.100379422	2	1.98019802	2.371993333	2.22763	2.624696667	2.263653333	0.00903844	-0.014566595	0.015516057	101	80	80	37	4.92060602	2.000000477	3	3	3	240.7213413	4893.782227	31077.39844	3562.150879	156890	82.60941124	134194.4883	110164.25	2.873338232	287051	1774430.5	1755636.25	40480	1266550.544	2344217.537	356788.2813	57.23651123
sub-45_task-anim_run-002_bold	0.003486634	0.012489515	0	33.83435385	1.240572645	0.965527119	0.415555628	199791.25	0.163535056	12	11.88118812	2.390034444	2.243076667	2.643783333	2.283243333	0.0130909	-0.014247512	0.015207465	101	80	80	37	4.936689024	2.000000477	3	3	3	238.0697387	4922.845215	30924.33008	3616.857666	156995	107.9846481	133128.2578	108615.2891	2.760204232	290938.2813	1793913.375	1773866.75	40361	1289221.75	2377930.5	359318.7188	48.17394257
sub-45_task-anim_run-003_bold	0.004433762	0.008587213	0	32.23173134	1.385575484	1.050601555	0.416172961	204042.0625	0.110965829	11	10.89108911	2.361911111	2.22453	2.616153333	2.24505	0.0136389	-0.014871551	0.015875528	101	80	80	37	4.938231191	2.000000477	3	3	3	233.4486873	4803.949219	30723.0625	3462.31665	156992	66.24495087	131897.3125	109211.5703	2.882729637	281738.1875	1748277.125	1728428.25	40370	1256493.794	2311770.787	350005.25	59.47843552
sub-45_task-anim_run-004_bold	0.006076139	0.016540317	0	31.47578772	1.125531139	0.92936896	0.415195494	185370.7188	0.15924489	9	8.910891089	2.37765	2.227	2.636093333	2.269856667	0.0173321	-0.014241101	0.01533034	101	80	80	37	4.952301657	2.000000477	3	3	3	242.3454886	3021.574219	18420.03516	2244.70166	157165	79.9798584	78869.30781	64014.25781	2.769797658	173122.8125	1073727.125	1061626.5	40211	774450.9375	1418870.938	214367.6563	44.29665756
sub-46_task-anim_run-001_bold	0.001031188	0.005154604	0	30.15117422	1.360126494	1.012303346	0.39134209	223407.9375	0.056039231	0	0	2.600777778	2.52715	2.93472	2.340463333	0.0105698	-0.013769889	0.011176091	101	80	80	37	5.175384916	2.000000477	3	3	3	112.0337998	4954.349121	34640.05078	3704.327637	162438	66.91149521	164122.6687	112207.0938	2.255169503	315470.6875	1909352.75	1918395.5	34897	1286245.95	2466048.15	370671.5625	71.72720337
sub-46_task-anim_run-002_bold	0.001026733	0.004923314	0	29.26087069	1.336621322	1.012517441	0.390952036	221409.3594	0.067319389	0	0	2.602633333	2.534203333	2.928676667	2.34502	0.00990593	-0.013680459	0.011018017	101	80	80	37	5.168243658	2.000000477	3	3	3	107.4984092	5001.183594	34734.72266	3727.808594	162440	68.86026421	164383.6109	111810.9688	2.20563917	319126.6875	1924998.375	1932274.75	34888	1301900.631	2490387.05	373869.1875	71.79187012
sub-46_task-anim_run-003_bold	0.001181782	0.005011166	0	30.21143711	1.357892706	1.014387796	0.391040741	227652.4844	0.07496839	1	0.99009901	2.602748889	2.536076667	2.93134	2.34083	0.0142405	-0.013817845	0.010916569	101	80	80	37	5.145667287	2.000000477	3	3	3	110.0942687	4892.912598	34730.54297	3667.660645	162466	79.94937706	163647.5156	112485.2734	2.281527337	316636.5625	1914271.5	1922230.5	34860	1289583.344	2477472.737	373557.5625	71.06891632
sub-46_task-anim_run-004_bold	0.000988317	0.005037285	0	27.47292267	1.289257809	1.009610816	0.390731203	214608.9844	0.058487393	0	0	2.603552222	2.53296	2.93273	2.344966667	0.0145453	-0.013758647	0.01090511	101	80	80	37	5.15114622	2.000000477	3	3	3	103.0864641	5122.481445	35267.81641	3838.966309	162579	82.47105942	165715.1156	113221.4609	2.168441103	321827	1936075.25	1943716.375	34793	1306777.6	2506115.95	377331.25	70.68468475
sub-47_task-anim_run-001_bold	0.000903465	0.010438514	0	22.48050491	1.100716731	0.973932485	0.372804754	383276.0313	0.120711004	8	7.920792079	2.611176667	2.447236667	2.867996667	2.518296667	0.0103009	-0.016591651	0.017679419	101	80	80	37	5.607439871	2.000000477	3	3	3	267.558037	2617.203613	19074.74609	1944.956055	165995	57.3127903	83966.72031	80128.63281	3.829524979	182219.2188	1308328.375	1312072.25	32396	933044.8281	1643203.781	233984.1406	60.6701088
sub-47_task-anim_run-002_bold	0.00092495	0.008479426	0	21.957978	1.115898628	0.997640001	0.372965989	412031.1563	0.111725093	4	3.96039604	2.592083333	2.428213333	2.851993333	2.496043333	0.0163502	-0.016693182	0.017173076	101	80	80	37	5.60546278	2.000000477	3	3	3	265.7006289	4119.769531	30783.75781	3012.818359	165934	53.58802433	136684.9703	129706.9844	3.785124111	295490.5938	2125398.5	2131879.5	32456	1505504.594	2669824.313	380315.9063	66.40180969
sub-47_task-anim_run-003_bold	0.001336832	0.008925475	0	22.74980682	1.137193189	0.99024655	0.372404199	398493.3125	0.109598814	5	4.95049505	2.605648889	2.437333333	2.862526667	2.517086667	0.0155944	-0.016535977	0.017139986	101	80	80	37	5.634851046	2.000000477	3	3	3	272.5440593	4229.161133	31161.43359	3125.045898	166014	78.84230385	137634.6234	130218.0156	3.529968281	302605.5938	2173019.75	2178018.75	32355	1539149.263	2731484.5	386520.4375	64.66213226
sub-47_task-anim_run-004_bold	0.003041188	0.010700782	0	23.50354616	1.169070601	1.01393785	0.37210427	373889.3438	0.11655516	7	6.930693069	2.621896667	2.448416667	2.880413333	2.53686	0.0255667	-0.016443439	0.018151158	101	80	80	37	5.634507001	2.000000477	3	3	3	273.8002214	4341.192871	31142.15039	3217.628906	166091	77.88129807	136137.8438	130717.5703	3.578710928	301662.125	2153223	2158593	32275	1534267.112	2706298.525	383096.4375	59.32820129
sub-48_task-anim_run-001_bold	0.001316634	0.009015957	0	23.75920818	1.162020155	1.002111875	0.423076572	218739.3281	0.0766263	5	4.95049505	2.510101111	2.374003333	2.771026667	2.385273333	0.0140473	-0.011808001	0.016907668	101	80	80	37	5.677560959	2.000000477	3	3	3	165.8982898	1979.953125	13200.74609	1476.20105	154734	51.6407917	58160.94102	44895.08203	3.401516084	112104.7969	760632.5625	763088.1875	41564	544972.6281	954709.1344	134402.6094	63.0701561
sub-48_task-anim_run-002_bold	0.000888416	0.009296316	0	23.22979299	1.137102867	0.989449943	0.422904795	210481.7031	0.073185173	4	3.96039604	2.521693333	2.38666	2.781376667	2.397043333	0.0111825	-0.01185896	0.016663956	101	80	80	37	5.657382233	2.000000477	3	3	3	160.9925523	2029.437622	12933.96191	1495.610474	154759	38.29061584	56856.8418	43971.99609	3.472694973	110403.1797	747291.1875	750497.8125	41597	534387.475	938597.525	132656.5469	62.09918594
sub-48_task-anim_run-003_bold	0.011066733	0.013638014	0	24.38677164	1.189160923	1.087928481	0.423371596	203476.9844	0.118503929	16	15.84158416	2.521283333	2.383723333	2.782536667	2.39759	0.0318643	-0.011793705	0.016885303	101	80	80	37	5.622678587	2.000000477	3	3	3	158.6629106	5399.041504	34058.28516	3996.026123	154783	117.4994987	148755.7125	114759.1484	3.527456968	291669.8438	1963194.625	1972359	41644	1395699.225	2468782.162	350782.1563	52.46363831
sub-48_task-anim_run-004_bold	0.001024059	0.008821019	0	22.98756849	1.137186952	0.997098215	0.42486873	214401.1719	0.081950764	3	2.97029703	2.51427	2.37536	2.776233333	2.391216667	0.00960139	-0.01195131	0.016298261	101	80	80	37	5.626680333	2.000000477	3	3	3	159.6250232	3212.75	20998.45703	2383.785645	154248	70.22223396	91644.01523	70665.21875	3.435775214	179515.4219	1215223.5	1220604.75	42020	862346.1063	1525805.062	216929.0156	63.69015503
sub-49_task-anim_run-001_bold	0.012967723	0.011078643	0	25.80635176	1.187989949	1.107197768	0.440630197	213926.3906	0.128014123	17	16.83168317	2.484388889	2.37386	2.759836667	2.31947	0.0244403	-0.004739308	0.011057564	101	80	80	37	5.206024886	2.000000477	3	3	3	55.3504839	4252.685547	33237.28906	3212.112305	151259	112.0326263	197288.9109	97715.9375	2.525738035	284247.2813	1671078	1667590.25	44329	1179300.975	2151607.75	320315.6875	49.59392548
sub-49_task-anim_run-002_bold	0.003741089	0.016125174	0	27.65698059	1.046852653	0.979866421	0.439993769	216817.6719	0.244065216	43	42.57425743	2.520892222	2.401273333	2.798166667	2.363236667	0.0234053	-0.004512836	0.011071575	101	80	80	37	5.254888554	2.000000477	3	3	3	51.65688587	1558.106689	12419.12109	1217.548584	151326	74.13490295	73397.11133	36189.87891	2.426222361	106727.7188	632656.1875	631635.625	44265	449021.4875	813111.0375	120198.2656	41.13320923
sub-49_task-anim_run-003_bold	0.004698614	0.014004031	0	29.79821938	1.098417782	1.015983481	0.43921589	221387.1563	0.241767422	43	42.57425743	2.501591111	2.378843333	2.78357	2.34236	0.034813	-0.004625131	0.011988738	101	80	80	37	5.293865082	2.000000477	3	3	3	61.49584684	4142.860352	33341.92969	3194.369629	151621	167.7171631	197686.6875	98813.24219	2.167049874	284511.75	1682628.25	1679770.25	44010	1186310.75	2165579.9	317301.4688	43.37155151
sub-49_task-anim_run-004_bold	0.003269208	0.014285361	0	28.4987174	1.047672148	0.978445966	0.44002	190458.6094	0.226860682	38	37.62376238	2.515	2.397013333	2.796523333	2.351463333	0.0294073	-0.004424862	0.011751189	101	80	80	37	5.243734711	2.000000477	3	3	3	52.75148578	4552.359375	33496.41016	3487.696777	151505	160.148941	198245.4812	97186.98438	2.394387471	287790.25	1693061.125	1690416.5	44158	1199714.106	2181374.663	322365.1563	43.34379578
sub-50_task-anim_run-001_bold	0.004306337	0.008212815	0	29.38100086	1.268264202	1.036257686	0.397868579	233218.8281	0.120181737	14	13.86138614	2.507562222	2.37858	2.690683333	2.453423333	0.0347018	-0.014331396	0.015936466	101	80	80	37	5.049588185	2.000000477	3	3	3	307.0520976	3627.028809	22912.15039	2669.942871	161076	74.77298737	98519.26758	88905.23438	2.46675208	234723.5469	1401599.375	1408044.5	36622	935701.3719	1808172.325	278839.625	57.05763626
sub-50_task-anim_run-002_bold	0.002804257	0.008222467	0	28.11571375	1.236774353	1.022681759	0.397874174	238242.375	0.107304547	5	4.95049505	2.511887778	2.380276667	2.695113333	2.460273333	0.0169851	-0.014423926	0.016354471	101	80	80	37	5.028728357	2.000000477	3	3	3	300.5637937	3539.940186	22657.07227	2595.102539	161067	66.96863632	97617.84062	87701.27344	2.51659161	231406.125	1378658.125	1385016.5	36626	917354.375	1777880.875	275417.0625	59.06613922
sub-50_task-anim_run-003_bold	0.004201485	0.010003893	0	30.66050812	1.212388663	1.083649663	0.397960285	234529.4063	0.180248897	23	22.77227723	2.526964444	2.393433333	2.718613333	2.468846667	0.0348653	-0.014248489	0.016390648	101	80	80	37	5.039479908	2.000000477	3	3	3	301.452011	3551.617188	22661.38477	2634.73291	161019	93.49996872	98283.72422	87211.34375	2.500687305	231251.1094	1382712	1389869.25	36653	919665.425	1783056.45	275792.4063	51.89171219
sub-50_task-anim_run-004_bold	0.002569604	0.010573442	0	29.41331825	1.182490375	1.003132174	0.398275823	236586.0313	0.151182024	17	16.83168317	2.528251111	2.39497	2.71136	2.478423333	0.0164826	-0.014311333	0.016465964	101	80	80	37	5.034510242	2.000000477	3	3	3	294.4303222	3568.626465	22970.4668	2629.29834	161013	73.6819931	99317.62656	88249.78906	2.520128886	232698.125	1391179.25	1398457	36715	924395.4875	1793556.038	277770.4063	52.41077805
sub-51_task-anim_run-001_bold	0.001056869	0.006428479	2	25.79399765	1.145235872	1.008792639	0.438518162	137910.6094	0.074108593	1	1.01010101	2.4352	2.331323333	2.69264	2.281636667	0.00626272	-0.00173827	0.00781176	99	80	80	37	4.917861162	2.000000477	3	3	3	86.20175704	4524.984375	24996.80273	3358.717773	150818	74.77475967	116852.5293	72647.60156	2.380105909	228299.7969	1392849.125	1387349.125	44543	931095.8438	1830209.338	282101	62.22730255
sub-51_task-anim_run-002_bold	0.000938713	0.006557344	0	25.75805674	1.130773679	1.00543178	0.439380653	138024.75	0.075567645	0	0	2.418976667	2.308626667	2.67627	2.272033333	0.0158173	-0.002126643	0.007954856	101	80	80	37	4.953172545	2.000000477	3	3	3	86.76276491	4535.702148	25603.96094	3377.746094	150922	77.11270218	120219.759	74501.76563	2.427213556	227318.6875	1397682.375	1392650.875	44511	937434.3438	1831584.688	281160.25	61.69506073
sub-51_task-anim_run-003_bold	0.00105198	0.006098316	0	26.20543423	1.154520213	1.011572234	0.438740535	138875.1563	0.069450292	0	0	2.427983333	2.321496667	2.6875	2.274953333	0.00960995	-0.001892755	0.007831439	101	80	80	37	4.954846392	2.000000477	3	3	3	87.52882076	4505.705078	25091.06445	3322.43457	150840	52.74806042	117501.316	73229.71094	2.417356304	225003.7031	1384743.125	1378235.125	44484	930832.4656	1815349.95	278155.875	63.87973022
sub-51_task-anim_run-004_bold	0.001997921	0.006724313	0	25.9806234	1.144928423	1.021356304	0.43993178	135560.8281	0.085669042	5	4.95049505	2.406387778	2.28489	2.675056667	2.259216667	0.014599	-0.00228099	0.008223005	101	80	80	37	4.936018956	2.000000477	3	3	3	88.28882734	4616.099121	25948.00586	3418.302246	150971	61.42753601	121943.0352	75407.38281	2.513471706	226853.5313	1401072.625	1394611.625	44503	948060.0688	1832048.4	282534.5625	60.85105896
sub-52_task-anim_run-001_bold	0.003041287	0.013642676	0	23.01815386	1.037114643	0.986770841	0.448863261	148247.4844	0.103849258	7	6.930693069	2.570006667	2.37305	2.900043333	2.436926667	0.00965427	0.002530909	0.015345814	101	80	80	37	5.314874526	2.000000477	3	3	3	126.2060603	5222.958496	37452.80078	3875.538574	150361	147.8710938	174206.3906	122422.7422	3.280942385	259924.2813	1625724.5	1639691.75	45346	1123472.25	2063383.406	308506.5625	48.46279144
sub-52_task-anim_run-002_bold	0.002942673	0.00787293	0	24.48860109	1.119533281	1.031724095	0.447930795	178780.7813	0.101851278	5	4.95049505	2.559851111	2.374816667	2.880306667	2.42443	0.0102553	0.002105437	0.01563045	101	80	80	37	5.22414071	2.000000477	3	3	3	132.6047748	4824.269531	37722.54688	3509.381836	150400	101.0368637	178237.5648	125336.3047	3.195289526	265967.1563	1641412.875	1656539.75	45315	1114306.525	2089219.525	317089.75	56.67810822
sub-52_task-anim_run-003_bold	0.001516139	0.007523054	0	23.46250195	1.08970273	1.008799074	0.446921016	178124.2656	0.0933468	4	3.96039604	2.57885	2.388646667	2.903696667	2.444206667	0.0136881	0.002772302	0.015262534	101	80	80	37	5.184218174	2.000000477	3	3	3	136.4346542	4808.44043	36693.23828	3477.697754	150338	89.71854744	171791.7797	122122.7813	3.323762048	265090	1630178.75	1646432.5	45422	1098064.206	2074070.662	317582	57.79649353
sub-52_task-anim_run-004_bold	0.001647525	0.008033755	0	24.68765673	1.11188214	1.010102425	0.446769024	155033.8281	0.110145521	5	4.95049505	2.587246667	2.40304	2.906813333	2.451886667	0.0220392	0.001994448	0.016156528	101	80	80	37	5.064799472	2.000000477	3	3	3	143.412936	5254.757324	37747.125	3840.756836	150399	110.5987022	175763.4813	126588	2.943672549	279784.6563	1662043.75	1673619.25	45315	1128585.275	2139075.075	330437.7188	56.12454224
sub-53_task-anim_run-001_bold	0.001616139	0.004653656	0	23.90682205	1.15886926	1.021650793	0.429327619	307564.0313	0.074895135	2	1.98019802	2.453825556	2.29826	2.719753333	2.343463333	0.0139911	-0.005596824	0.017873948	101	80	80	37	4.523499246	2.000000477	3	3	3	220.9750549	3772.693848	28046.26758	2816.473877	152221	65.51612091	127017.5547	111800.8906	2.12810871	330839.9063	1753161.625	1733336.375	44056	1169368.969	2342933.625	383180.5	67.99959564
sub-53_task-anim_run-002_bold	0.001405644	0.005141929	0	25.32943226	1.159565543	1.018026678	0.430545216	308178.9375	0.085616428	2	1.98019802	2.435311111	2.27647	2.709636667	2.319826667	0.0153437	-0.005515346	0.017860383	101	80	80	37	4.761942865	2.000000477	3	3	3	196.4279622	3669.995117	27926.44727	2724.257324	152298	51.7082592	128534.9602	108659.8047	1.979532491	307871.0625	1698888.25	1686162	43927	1141041.063	2242644.225	354087.1563	67.42085266
sub-53_task-anim_run-003_bold	0.000958317	0.004978044	0	25.06519081	1.165388192	1.012170758	0.430098849	308127.2813	0.087346035	0	0	2.427287778	2.272513333	2.695926667	2.313423333	0.013584	-0.006388035	0.020066751	101	80	80	37	4.603356345	2.000000477	3	3	3	220.091633	3776.810791	29744.93359	2782.864014	152425	47.59438858	134390.4	123291.1641	1.941989624	327614.3125	1744829.75	1722657.125	43921	1183864.375	2324153.25	374213.375	70.13119507
sub-53_task-anim_run-004_bold	0.000832871	0.007261891	0	24.59041252	1.143566437	1.005134413	0.43049089	304533.875	0.075335487	0	0	2.445153333	2.286676667	2.718333333	2.33045	0.0162154	-0.005984435	0.019056998	101	80	80	37	4.740872881	2.000000477	3	3	3	201.0168764	3675.145508	28185.69141	2744.566895	152261	54.21781921	127761.2813	113788.0391	2.043261678	307649.0625	1694790.625	1682173.875	43951	1136377.875	2238803.375	354819.625	66.45753479
sub-54_task-anim_run-001_bold	0.001400198	0.004794748	0	29.94543808	1.311693102	1.014046788	0.422380425	176579.4844	0.072169902	1	0.99009901	2.444237778	2.29608	2.71955	2.317083333	0.0152968	-0.009789946	0.010000506	101	80	80	37	4.5492542	2.000000477	3	3	3	183.4686251	4320.92041	23309.55664	3503.861328	153217	168.5009033	102808.4281	77562.6875	1.664923151	315048.5313	1645811.75	1622479.875	42855	1123059.025	2229284.65	356643.2813	66.6336441
sub-54_task-anim_run-002_bold	0.000988713	0.005375595	0	30.80761147	1.304305248	1.006574678	0.42228799	173350.2813	0.091181848	1	0.99009901	2.434744444	2.293846667	2.70691	2.303476667	0.0279681	-0.009915784	0.010736846	101	80	80	37	4.569625312	2.000000477	3	3	3	216.5715906	4371.685059	23973.10938	3554.350586	153379	155.3527924	106154.4859	82018.6875	1.712055054	313865.4375	1656310.75	1633562.5	42704	1133564.906	2239957.937	357478.625	64.877388
sub-54_task-anim_run-003_bold	0.000922475	0.004831202	0	30.35853928	1.296519173	1.010162313	0.422041211	175952.9063	0.088663233	0	0	2.4338	2.291066667	2.71252	2.297813333	0.026299	-0.009871241	0.011080632	101	80	80	37	4.579863953	2.000000477	3	3	3	215.4389476	4352.599609	23766.58398	3529.766602	153484	144.9320724	104738.2191	81026.63281	1.67561141	313719.8438	1653367.625	1630217.25	42648	1131919.2	2235049.725	355949.0313	68.57126617
sub-54_task-anim_run-004_bold	0.000902871	0.004467317	0	30.07547779	1.314095313	1.009423108	0.421733781	177481.5469	0.069784068	1	0.99009901	2.443447778	2.299493333	2.724433333	2.306416667	0.0257455	-0.009549461	0.010330616	101	80	80	37	4.551632906	2.000000477	3	3	3	197.8682571	4337.556152	23253.04492	3512.662842	153412	143.1652893	102522.1652	77756.3125	1.73155674	313785.8125	1651205.5	1629244.625	42738	1123103.113	2232311.188	357943.0938	69.74034119
sub-55_task-anim_run-001_bold	0.038530396	0.043853162	0	47.87550453	1.294698083	1.345723039	0.416057619	213308.5156	0.753919364	60	59.40594059	2.60822	2.466606667	2.859193333	2.49886	0.0393213	-0.004930166	0.015537377	101	80	80	37	5.642068041	2.000000477	3	3	3	236.2873394	4212.033203	27110	3446.537598	156312	288.072139	119597.434	101662.1484	3.805536736	233864.5625	1689461.5	1694583.5	40382	1210912.719	2127895.875	300344.2188	24.19422531
sub-55_task-anim_run-002_bold	0.015668812	0.030935066	0	32.986553	0.997958545	0.983864712	0.41914627	251678.0156	0.459790074	32	31.68316832	2.633448889	2.495166667	2.87867	2.52651	0.0127658	-0.006226685	0.014970673	101	80	80	37	5.479732998	2.000000477	3	3	3	248.8454741	3794.031982	27281.35352	3150.619629	155242	275.1548691	122499.1863	102129.4766	3.646499893	244770.7813	1700179.625	1705477	41143	1208141.613	2160394.925	311229.8125	33.25557709
sub-55_task-anim_run-003_bold	0.02311604	0.051286721	0	48.57515619	1.058608463	1.125754418	0.416866472	255598.3906	0.85954041	59	58.41584158	2.591727778	2.483346667	2.896993333	2.394843333	0.0399522	-0.00590001	0.015976768	101	80	80	37	5.740098035	2.000000477	3	3	3	256.10489	3644.552246	26990.18555	3000.288574	156075	275.6512604	120150.0336	101807.9375	3.339603357	230413.625	1640069.375	1641623.75	40458	1193531.738	2072647.95	285988.75	23.95688248
sub-55_task-anim_run-004_bold	0.0254504	0.023063717	1	34.80207087	1.207191	1.213388809	0.416276262	268515.9688	0.454419173	36	36	2.609334444	2.599573333	3.010516667	2.217913333	0.013828	-0.006374802	0.016539693	100	80	80	37	5.247720969	2.000000477	3	3	3	262.7531667	3679.799805	27315.45117	2983.015625	155270	240.6828194	119437.8742	106238.0703	3.34702046	249007.5938	1651117.375	1648301.875	40992	1175246.588	2134096.95	314094.7813	34.96794891
